Gene,logFC,FoldChange,pValue,FDR
ITGA2B,-6.125076128,-69.79617777,2.78599E-06,0.037067606
MLC1,-2.731561536,-6.641741329,7.60168E-05,0.340779521
CEBPA,5.466186148,44.20648584,0.000125146,0.340779521
CLCN7,2.279799044,4.856103073,0.000127366,0.340779521
RYR3,-5.325592735,-40.10173455,0.000214919,0.340779521
IGF2BP1,-11.70585984,-3340.526609,0.000224969,0.340779521
RNF144A,3.822206949,14.14486937,0.000232175,0.340779521
TANC1,-4.700162651,-25.99500722,0.00024417,0.340779521
TSPAN15,-6.550056431,-93.70514973,0.000257442,0.340779521
CDC42BPA,-4.612148024,-24.45653351,0.000271897,0.340779521
DNM3,-6.234427172,-75.29213019,0.000290796,0.340779521
HPSE2,-9.574625683,-762.516995,0.000314295,0.340779521
RETN,-4.306408253,-19.78600241,0.000332968,0.340779521
PTGS1,-3.054417118,-8.307515721,0.000379354,0.36052218
MGST1,3.993765756,15.93100919,0.000425686,0.377583084
DBN1,-3.4774072,-11.13791436,0.000471205,0.391836353
RHBDD2,2.198199063,4.589061251,0.00052818,0.39611502
TPSB2,7.376090662,166.1210012,0.000535894,0.39611502
SERPINI1,-6.10531117,-68.84648863,0.0006068,0.424919559
CXCL8,3.861643143,14.53685366,0.000726097,0.441782524
PLAG1,-3.046146522,-8.260027139,0.000791395,0.441782524
TELO2,2.57782877,5.97040488,0.000794444,0.441782524
TIPARP,3.139620797,8.812924201,0.000813394,0.441782524
RUNX1T1,-7.066769829,-134.0632338,0.00088222,0.441782524
EPHA3,-9.689506777,-825.7188196,0.000901152,0.441782524
PLXND1,2.891284779,7.419308754,0.000950493,0.441782524
GABBR1,-6.066123571,-67.00159666,0.001012773,0.441782524
ATP8B4,4.035994645,16.40421492,0.001065194,0.441782524
PKIA,-4.014251762,-16.15884036,0.001069267,0.441782524
VIM,4.162270931,17.90475573,0.001079773,0.441782524
CHD7,-2.251292421,-4.761091716,0.001098631,0.441782524
MYCT1,-8.676430255,-409.1341793,0.001098988,0.441782524
CMTM5,-6.972316097,-125.5672215,0.001148717,0.441782524
TNIK,-3.992156926,-15.91325353,0.001193287,0.441782524
DUSP2,2.673832469,6.381220866,0.001197246,0.441782524
PDE4D,2.449206854,5.461157838,0.001249959,0.441782524
SYNE2,-3.285774425,-9.752515764,0.001271168,0.441782524
MAP3K8,2.503039895,5.668786343,0.00129166,0.441782524
LAT,-4.780538882,-27.48435813,0.001304675,0.441782524
RFX8,7.971456196,250.9848019,0.00132817,0.441782524
ANXA3,-5.206360357,-36.92076028,0.001422221,0.448674862
TSPYL5,-4.373564901,-20.72880295,0.001453977,0.448674862
B3GNT5,3.882388467,14.74739739,0.001491282,0.448674862
BHLHE40,2.828440903,7.103061138,0.001642662,0.448674862
SH3RF1,3.538903126,11.62293991,0.001716724,0.448674862
STAB1,2.367506477,5.160484339,0.0017233,0.448674862
EMP1,5.102100703,34.34672656,0.001731711,0.448674862
OCLN,6.184489018,72.73052162,0.001776199,0.448674862
FLT3,6.687811846,103.0936631,0.001827794,0.448674862
TRPC6,-9.956325628,-993.4652041,0.001828968,0.448674862
CPXM1,2.035496799,4.099638781,0.001837061,0.448674862
RIT1,1.580890778,2.991545028,0.001841809,0.448674862
FCRL1,-4.146294132,-17.70756745,0.001864966,0.448674862
TPSD1,6.241402728,75.6570557,0.001868799,0.448674862
AMD1,1.503314038,2.834931818,0.001894228,0.448674862
CBX4,2.606807308,6.091541294,0.001917867,0.448674862
GOLGA8B,2.117559667,4.339592775,0.00192217,0.448674862
MDGA1,3.181791507,9.074332397,0.001991373,0.451155129
C2orf88,-3.84537229,-14.37382668,0.002015325,0.451155129
SPNS3,5.509097428,45.54110613,0.002034521,0.451155129
CTNNBL1,-1.554045806,-2.936394503,0.002219313,0.471592855
SPATA20,2.730794849,6.638212664,0.002236995,0.471592855
SOCS3,3.683847998,12.85134986,0.002258684,0.471592855
NFIC,2.048386247,4.136430226,0.002270416,0.471592855
CD96,4.1312942,17.52441281,0.002340835,0.471592855
CD40,-3.224980819,-9.350093674,0.002409093,0.471592855
SERPINH1,-3.934006223,-15.28459291,0.002433007,0.471592855
MTSS1,-2.13453413,-4.390953115,0.002486506,0.471592855
GFI1,4.233075318,18.805403,0.002538324,0.471592855
SGK1,3.22673659,9.361479742,0.002557811,0.471592855
ZNF503,6.094394437,68.32750003,0.002577032,0.471592855
ATP1B1,2.977020867,7.873586056,0.002681045,0.471592855
ALDH7A1,-3.838010238,-14.30066408,0.002706489,0.471592855
WWC2,-3.668320241,-12.71377222,0.002799595,0.471592855
PDLIM5,-2.4053002,-5.297457837,0.002804767,0.471592855
PDLIM1,-1.925335557,-3.798251818,0.00282061,0.471592855
LOC284454,2.619264962,6.144369437,0.00284674,0.471592855
SH2D1A,4.079568075,16.90722608,0.002860024,0.471592855
HACD1,-2.787539193,-6.904510768,0.002881501,0.471592855
SLC22A17,-4.012606051,-16.14041817,0.002911104,0.471592855
MIR221,3.172730293,9.017517345,0.002916366,0.471592855
HOMER3,4.091312571,17.04542388,0.002918466,0.471592855
DUSP10,2.871049597,7.315972219,0.002941917,0.471592855
MACROD2,-5.464242478,-44.14696879,0.00301252,0.474974236
GNA15,2.045338934,4.127702328,0.003069247,0.474974236
LAX1,3.081172508,8.4630196,0.003070108,0.474974236
ITGB1,-1.628844899,-3.092652847,0.003187591,0.480803566
LMO4,-2.945883799,-7.705474492,0.003259961,0.480803566
GPR27,6.067061601,67.04517479,0.003304681,0.480803566
SQRDL,2.368980422,5.165759297,0.003306246,0.480803566
SRPR,1.367557422,2.580333286,0.003355655,0.480803566
MAFK,2.122519699,4.354538112,0.003406302,0.480803566
ADAMTS14,-3.261473001,-9.589615701,0.003426976,0.480803566
MBOAT7,2.487289522,5.607234952,0.00348655,0.480803566
HLX,4.234122472,18.8190575,0.003602912,0.480803566
CDK14,3.735164124,13.31669461,0.003633394,0.480803566
HK3,-2.709224312,-6.539699349,0.003662248,0.480803566
IL15RA,3.623952897,12.3287352,0.003701536,0.480803566
DAG1,-2.548512276,-5.850306769,0.003737857,0.480803566
EPB41L5,-2.692307914,-6.46346557,0.003745028,0.480803566
GPR63,-5.577725687,-47.75982638,0.003747383,0.480803566
PRAM1,2.96810414,7.825072616,0.003763852,0.480803566
ANKRD36BP2,-3.583923639,-11.9913621,0.003816241,0.480803566
ELMSAN1,2.126530316,4.366660342,0.003846971,0.480803566
HYAL3,-2.596239005,-6.047081423,0.003912886,0.480803566
IER3,3.792787183,13.85934511,0.003934125,0.480803566
CYP1B1,3.896031638,14.887521,0.003938401,0.480803566
ZNF14,2.328660783,5.02338825,0.004089656,0.480803566
PLAU,4.645003207,25.0198842,0.004254529,0.480803566
FAM20C,3.35234792,10.21309284,0.004256411,0.480803566
SEMA6C,-3.658036726,-12.6234708,0.004301855,0.480803566
SLC17A9,2.723395763,6.604254711,0.004306799,0.480803566
PCDH20,-6.547395716,-93.53249171,0.00432709,0.480803566
LINC00989,-6.358224419,-82.03822763,0.004396093,0.480803566
CXXC1P1,-5.579390431,-47.81496886,0.004446804,0.480803566
LENG8,1.159698286,2.234107004,0.004458603,0.480803566
ALCAM,4.356284829,20.48200195,0.004525554,0.480803566
SPON2,2.618085257,6.139347181,0.004614148,0.480803566
SYCP1,-6.233155389,-75.22578694,0.004626564,0.480803566
TBC1D29,5.563761985,47.29979367,0.004638323,0.480803566
PROS1,-6.489949095,-89.88130054,0.004657221,0.480803566
SCD,-1.991840507,-3.977440935,0.004662153,0.480803566
SLC45A3,2.585998791,6.00431136,0.004688787,0.480803566
EPHX2,-5.190874304,-36.52656808,0.00470222,0.480803566
ARHGAP21,-3.036012281,-8.202207725,0.004732791,0.480803566
MORC4,-4.28153454,-19.44779304,0.004747692,0.480803566
OSGIN2,1.960035254,3.890714864,0.004803859,0.480803566
EAF1,1.654697054,3.14857068,0.004813938,0.480803566
RBPMS2,-4.178574183,-18.10823693,0.004831962,0.480803566
ANPEP,3.524714497,11.5091908,0.004920777,0.480803566
LINC01268,6.419469055,85.59585646,0.004925708,0.480803566
HERC2P2,-2.189621096,-4.561856598,0.004932047,0.480803566
RNF125,2.977881355,7.878283621,0.004985439,0.480803566
CNRIP1,-3.924648222,-15.18577067,0.005013938,0.480803566
GAA,1.674952791,3.193089058,0.005017589,0.480803566
FCRL5,-3.968051068,-15.64956952,0.005061208,0.480803566
RUNX2,4.948790459,30.88405879,0.005063118,0.480803566
GAPT,3.466822872,11.0565001,0.005075294,0.480803566
NCKAP1,-4.968568164,-31.31035941,0.005085257,0.480803566
SBNO2,1.414056723,2.664854423,0.005093693,0.480803566
PLEKHG1,-2.661779699,-6.328132025,0.005103771,0.480803566
TBC1D4,-4.205260008,-18.44630572,0.005131462,0.480803566
SLC30A1,2.780044571,6.868735692,0.005270356,0.490364222
SERPING1,-2.31501576,-4.976100973,0.005343957,0.491787658
KCNAB2,2.628995884,6.185953051,0.00535958,0.491787658
GJB5,-5.45623902,-43.90273826,0.005422187,0.49412462
TPSAB1,7.047243636,132.2609754,0.00554354,0.49872874
IL18,4.328311811,20.08869318,0.005561977,0.49872874
UNC119B,1.644567145,3.126540369,0.005614853,0.49872874
RLTPR,2.524225218,5.752644102,0.005622646,0.49872874
TGIF1,3.096550197,8.553709413,0.005794709,0.510586789
FBRSL1,1.769574374,3.409533534,0.005897118,0.516191844
ARID5B,2.19288487,4.572188457,0.006082202,0.524738005
LY6G5B,1.59803956,3.027316596,0.006102137,0.524738005
PCYT1B,-5.050737597,-33.14541926,0.00611307,0.524738005
FTL,1.486534311,2.802150243,0.006372276,0.53158432
PPP1R14A,-5.829802181,-56.87813206,0.00637268,0.53158432
HFM1,-5.709346239,-52.32201651,0.006375062,0.53158432
BAHCC1,2.20256392,4.602966427,0.006379141,0.53158432
MSRB3,2.309346387,4.956584712,0.006406476,0.53158432
PDZD2,-2.47209158,-5.548476074,0.00657541,0.53158432
HECTD2,-2.979746769,-7.888476878,0.006606667,0.53158432
COL2A1,-5.767204341,-54.46299219,0.00667199,0.53158432
TCP11L1,1.769329275,3.408954337,0.006734527,0.53158432
DNAAF3,-2.865069361,-7.28570894,0.00674904,0.53158432
CASP2,1.8345088,3.56649957,0.006758081,0.53158432
PRRG4,3.683847681,12.85134704,0.006811271,0.53158432
TPST2,-2.358243964,-5.12745869,0.006822901,0.53158432
ZNF711,-2.9744005,-7.859298245,0.006844824,0.53158432
HLA-DMA,1.931261721,3.813886,0.006863428,0.53158432
BACE2,-3.73450434,-13.3106059,0.006882184,0.53158432
PARD3B,-7.596116597,-193.4901879,0.006952693,0.53158432
ZNF385A,-1.844972662,-3.592461416,0.006984966,0.53158432
EXOC8,2.800525465,6.966941574,0.0070063,0.53158432
S100A9,-3.011194302,-8.062315841,0.007032942,0.53158432
F13A1,-5.574955051,-47.66819364,0.007049683,0.53158432
SLC12A4,1.710580803,3.272925591,0.00707531,0.53158432
SERTAD2,2.02489989,4.069636364,0.007143357,0.53158432
MEGF6,2.774313016,6.841501638,0.007173977,0.53158432
HES1,-3.127205035,-8.737406032,0.007271685,0.53158432
NUP62CL,-6.242742233,-75.72733396,0.007327663,0.53158432
ABCA2,1.487716509,2.80444737,0.007384014,0.53158432
ITGB3,-6.238131839,-75.48571977,0.007394654,0.53158432
LHFP,-3.531678624,-11.56488186,0.007419481,0.53158432
DUXAP8,-6.480922057,-89.32066314,0.007467323,0.53158432
UBXN11,1.257764527,2.391249268,0.007468417,0.53158432
CTSH,-3.141781739,-8.826134538,0.007528287,0.53158432
RAB44,4.005578564,16.06198802,0.007534146,0.53158432
MED12L,-2.699404167,-6.495336043,0.007552583,0.53158432
LAIR1,2.551176823,5.861121817,0.007591208,0.53158432
CSF3R,2.733175809,6.64917712,0.007705036,0.531739574
ING5,-1.423405472,-2.682178909,0.007708127,0.531739574
GCC1,1.429245413,2.693058208,0.007724459,0.531739574
H3F3B,1.820375931,3.531732149,0.007753287,0.531739574
KCNK6,-4.174908767,-18.06228822,0.007923749,0.537907686
LRP6,-3.771631805,-13.65759739,0.008006787,0.537907686
TMEM259,1.110562805,2.159298665,0.008093656,0.537907686
PARP8,2.911561927,7.524323758,0.008106074,0.537907686
NXN,-5.146705885,-35.425244,0.008196352,0.537907686
TLR2,1.970075261,3.917885568,0.00822661,0.537907686
ST3GAL6,3.029679284,8.16628141,0.008267588,0.537907686
DOK6,-7.493849484,-180.2492548,0.008294149,0.537907686
FCRL2,-3.78870929,-13.82022588,0.008295823,0.537907686
SLC22A23,-2.723243388,-6.60355722,0.008327218,0.537907686
CMPK2,1.937628748,3.830754969,0.008368189,0.537907686
OBSCN,-2.030252959,-4.084764654,0.008408981,0.537907686
ULK2,-2.023786054,-4.066495604,0.008423007,0.537907686
MEDAG,4.865353056,29.14856703,0.008445728,0.537907686
PSTPIP2,-1.721958872,-3.29884015,0.008449658,0.537907686
SLC13A3,-6.459168215,-87.98393465,0.008593679,0.544470921
IBTK,-1.290414696,-2.445983542,0.008696659,0.548384126
EXOC4,-1.215489185,-2.322195099,0.008762609,0.548731085
RNF220,1.389815417,2.620451518,0.008828561,0.548731085
PDE4B,3.149580345,8.873974113,0.00885344,0.548731085
LGMN,-2.914269998,-7.538460868,0.008867131,0.548731085
RIPK2,1.440408042,2.713976149,0.009070996,0.556811497
FNDC3B,2.151184584,4.441923614,0.009109019,0.556811497
S100A8,-2.925545879,-7.597611165,0.009166419,0.556811497
RGS1,2.674716333,6.385131502,0.009230583,0.556811497
SLC24A4,-1.957475839,-3.883818655,0.009233107,0.556811497
ANXA5,-3.084056314,-8.479953267,0.00927043,0.556811497
VAT1,1.609510952,3.051483844,0.009365197,0.556811497
CMAHP,2.523433469,5.749487924,0.00937383,0.556811497
HEXB,1.888052654,3.701352797,0.009412937,0.556811497
CLEC11A,-2.333794832,-5.041296585,0.009451733,0.556811497
CR1,-2.421449209,-5.357088794,0.009458053,0.556811497
PTK2,-3.452015774,-10.94360209,0.009746636,0.566220848
BNIP3,-2.88796372,-7.402249274,0.009865129,0.566220848
TMEM263,-2.276107132,-4.843692005,0.009866801,0.566220848
PKP2,-5.632133196,-49.59535823,0.009877732,0.566220848
PRDM5,-4.85787663,-28.99790221,0.009896189,0.566220848
MAD2L1BP,1.904228241,3.743086119,0.009929307,0.566220848
CCNA1,7.281955985,155.6278001,0.009930772,0.566220848
CTSE,5.666165397,50.77918719,0.009958337,0.566220848
MFSD10,1.156107132,2.228552785,0.010019249,0.56726006
RPLP1,1.075138409,2.106924196,0.010186367,0.569857468
MIR155HG,2.164101373,4.48187177,0.010247822,0.569857468
DMXL2,2.101498949,4.291550421,0.010255367,0.569857468
SPRY2,2.099904346,4.286809617,0.010294805,0.569857468
ATP8A1,-1.666041053,-3.173425675,0.010308438,0.569857468
PRKAB2,1.233501328,2.351369601,0.010330642,0.569857468
LINC00623,2.404391196,5.294121098,0.010364939,0.569857468
DYSF,1.844606222,3.591549058,0.010541462,0.570168722
CDC14B,-3.874312295,-14.66507247,0.010673203,0.570168722
FNBP1L,-2.201637533,-4.600011706,0.010715876,0.570168722
ATP13A3,1.706576917,3.26385489,0.010740021,0.570168722
PANX2,5.297159397,39.31912733,0.010969667,0.570168722
RBFOX2,-4.140536952,-17.63704491,0.011018758,0.570168722
AGAP1,-4.814648955,-28.14192195,0.011075043,0.570168722
PLEKHG3,-4.794042559,-27.74282041,0.011130408,0.570168722
EXOC3L2,-5.510953724,-45.59974097,0.011144855,0.570168722
FKBP9,-3.499316723,-11.30835146,0.011160713,0.570168722
DUSP6,2.667927912,6.355157639,0.011180573,0.570168722
SGPP1,-2.73754246,-6.669332886,0.011228286,0.570168722
ADPRHL1,-4.064330378,-16.72959225,0.011252655,0.570168722
RBM41,-1.818400989,-3.526900777,0.011253961,0.570168722
ATP13A2,-1.679853501,-3.203954148,0.011303786,0.570168722
PIK3R1,2.053395264,4.150816816,0.011342304,0.570168722
VNN2,-2.602960231,-6.075319286,0.011375506,0.570168722
LRRK2,-3.140632382,-8.819105789,0.011444641,0.570168722
LIF,5.779838014,54.9420187,0.01144896,0.570168722
ZBTB39,1.438084092,2.709607889,0.011484525,0.570168722
CRLF2,6.508665312,91.05493542,0.011524126,0.570168722
SYNGAP1,-1.45353254,-2.738778401,0.011587249,0.570168722
TFEC,4.597601213,24.21117536,0.011593343,0.570168722
LCAT,1.656146983,3.151736629,0.011595057,0.570168722
AGRN,3.157850712,8.924990985,0.011645127,0.570168722
RGS2,2.124802814,4.361434773,0.011684059,0.570168722
EIF4E3,2.751093612,6.732272682,0.011699972,0.570168722
ADCY3,2.011856693,4.033009189,0.011753431,0.570168722
GNB3,-2.447153874,-5.453392042,0.011792831,0.570168722
NCOA7,1.369130674,2.583148663,0.011842934,0.570168722
GP1BA,-4.25390972,-19.07894801,0.011929601,0.570168722
SYTL1,1.489271918,2.807472553,0.011957701,0.570168722
BCL3,2.440740699,5.429204019,0.011966826,0.570168722
ZNF805,1.637045648,3.110282554,0.012061495,0.570168722
LOC100130872,2.403125283,5.289477737,0.012067346,0.570168722
CCDC50,-2.677462791,-6.397298453,0.012081407,0.570168722
NR2F6,-1.565825978,-2.960469474,0.012087534,0.570168722
FCGR3B,-5.043511261,-32.9798118,0.012138468,0.570168722
RAMP3,-5.53348339,-46.31743287,0.012143311,0.570168722
SLC18A2,-2.089833816,-4.256990339,0.01219614,0.570168722
PLP2,1.64776744,3.133483595,0.012203197,0.570168722
NXF3,-6.083311522,-67.80461291,0.01227678,0.570168722
ANXA1,3.433970771,10.80757371,0.012315503,0.570168722
SMIM3,2.515173953,5.716665804,0.012317182,0.570168722
FANCE,-2.352726675,-5.107887233,0.012332186,0.570168722
SLC27A2,2.029437139,4.08245544,0.012357507,0.570168722
RPS24,0.911061007,1.88042792,0.012395633,0.570168722
PLEKHG4,-3.585011592,-12.00040834,0.012427578,0.570168722
GRAMD2,-5.049727294,-33.12221603,0.012587068,0.574839605
TSPYL2,1.605395738,3.042792044,0.012691669,0.574839605
ZNF229,-5.237426223,-37.72440451,0.012753916,0.574839605
AIG1,-1.799642542,-3.481339572,0.012771278,0.574839605
MXD1,1.473236894,2.776441299,0.012902868,0.574839605
SLC22A16,4.035286732,16.39616754,0.012915981,0.574839605
BAG4,1.792408397,3.46392669,0.013034876,0.574839605
SYCP2,-5.840067433,-57.284282,0.013056036,0.574839605
SARDH,-3.191577536,-9.136094261,0.013104394,0.574839605
MAMDC2,5.063059121,33.42971431,0.013145461,0.574839605
RPL34,1.043622591,2.061397306,0.013171818,0.574839605
C3orf52,-4.844979346,-28.73982449,0.013234698,0.574839605
SLC25A28,1.199028241,2.295849768,0.013378071,0.574839605
HIGD1A,-1.766626473,-3.402573847,0.013417789,0.574839605
EREG,1.405966954,2.649953334,0.013452619,0.574839605
EFHC2,-3.183052441,-9.082266944,0.01346041,0.574839605
PTGDR2,-3.341226117,-10.13466234,0.01351836,0.574839605
TUBA8,-4.787772117,-27.62250237,0.013524369,0.574839605
SYNGR1,3.49495968,11.27425094,0.01356947,0.574839605
PTX3,3.768495785,13.62794179,0.01360325,0.574839605
ABR,1.474564691,2.778997798,0.013639392,0.574839605
PPFIA4,-3.633885645,-12.41390964,0.013851903,0.574839605
KIAA0754,-2.663758536,-6.336817807,0.013862602,0.574839605
BBS7,-1.651078933,-3.140684303,0.013955086,0.574839605
SYDE1,-4.092626537,-17.06095544,0.013989449,0.574839605
CBX8,2.733839931,6.65223867,0.014027097,0.574839605
TANC2,-2.105278895,-4.30280928,0.014077301,0.574839605
CRYM,-4.539743945,-23.25943174,0.014078761,0.574839605
MCL1,1.208205596,2.310500811,0.014088899,0.574839605
RPL13,0.847609789,1.799517072,0.014101183,0.574839605
XIST,7.465464792,176.7375515,0.014145858,0.574839605
CHST11,1.543287935,2.914579866,0.014188817,0.574839605
PCDHGB5,-4.652726316,-25.15418107,0.014275137,0.574839605
PLVAP,-3.20889143,-9.24639779,0.014280181,0.574839605
ATP6V1B2,1.404552254,2.647356077,0.01432796,0.574839605
ADAM28,3.149497564,8.873464946,0.014338462,0.574839605
TENM1,2.328909363,5.024253866,0.014385679,0.574839605
LOC100996351,2.759663577,6.772383059,0.014390128,0.574839605
CDCA7L,2.2835874,4.868871414,0.014479446,0.574839605
HERC2,-1.563937459,-2.95659669,0.014598588,0.574839605
RPL10,0.819333297,1.764590345,0.014630073,0.574839605
MS4A1,-3.105887264,-8.609248224,0.014732776,0.574839605
ARHGAP23,2.827916008,7.100477303,0.01478931,0.574839605
LRRK1,2.247498598,4.748588028,0.014805326,0.574839605
MAN2B1,1.057885387,2.081877797,0.014839445,0.574839605
ICAM3,1.906962828,3.750187758,0.014853846,0.574839605
FAM127A,-3.9233432,-15.17204026,0.014919636,0.574839605
PROK2,7.076334189,134.9549598,0.014961033,0.574839605
ASB13,2.032988696,4.092517812,0.015065299,0.574839605
WRAP73,1.245998749,2.371826943,0.015067991,0.574839605
MIR4740,4.869129776,29.22497278,0.015279514,0.574839605
ZFAS1,1.544566539,2.917164087,0.015387744,0.574839605
HEBP1,1.924527286,3.796124441,0.015395903,0.574839605
RNASE1,-3.137344903,-8.799032512,0.015419837,0.574839605
BHLHE41,4.297831975,19.668731,0.015456958,0.574839605
TUBAL3,-3.647078014,-12.52794618,0.015496904,0.574839605
FTH1,1.754612635,3.374357045,0.015523785,0.574839605
TSPYL1,1.904426134,3.743599589,0.0155448,0.574839605
FAM129A,2.593113907,6.033996699,0.015551513,0.574839605
ARMC8,-1.338756832,-2.529332726,0.015563001,0.574839605
DSG2,-6.453455027,-87.63620019,0.01559141,0.574839605
CIRBP-AS1,2.734139906,6.653621993,0.0155928,0.574839605
TJP2,-2.645664563,-6.257839093,0.015630495,0.574839605
RPS21,1.009677716,2.013461262,0.015695703,0.574839605
FOSL2,2.541320128,5.821214293,0.015740764,0.574839605
SUCNR1,3.981269068,15.79361003,0.015771576,0.574839605
PHLDA1,4.789318867,27.65213305,0.015808868,0.574839605
FKBP7,-2.845582135,-7.187958779,0.015821098,0.574839605
GALNT12,-2.535710786,-5.798624777,0.01588675,0.574839605
LRRC57,1.399386494,2.637893819,0.015900035,0.574839605
SLC2A10,-3.572425253,-11.89616991,0.016087323,0.574839605
SLC12A7,2.743061282,6.694894315,0.016087888,0.574839605
GGT5,3.013331417,8.074267686,0.016092206,0.574839605
TMEM205,1.536895758,2.901694747,0.016107457,0.574839605
U2AF1L4,1.383248683,2.608551078,0.016120808,0.574839605
DCUN1D3,2.459583449,5.500578854,0.016141305,0.574839605
CNKSR3,2.806115666,6.993989675,0.016145753,0.574839605
UBQLN2,1.107659879,2.154958191,0.016149144,0.574839605
NR1H2,1.159600102,2.233954965,0.016170935,0.574839605
MAMLD1,2.850997298,7.214989513,0.016214366,0.574839605
MYLK,-6.557368673,-94.18129617,0.016224932,0.574839605
NOCT,2.104631704,4.300879479,0.016254218,0.574839605
AMN,3.615481975,12.25655796,0.016316445,0.574839605
FUT4,2.445953085,5.448854945,0.016401348,0.574839605
PCGF1,1.610113239,3.052758023,0.016489823,0.574839605
ZNF154,-3.084760258,-8.484091956,0.016503348,0.574839605
BMPR2,-2.554448372,-5.87442796,0.016506481,0.574839605
CCDC154,2.456174376,5.487596391,0.016591475,0.574839605
ZNF598,1.260816462,2.396313166,0.016592625,0.574839605
CD99,2.086564155,4.247353406,0.016616337,0.574839605
SPRTN,2.106305706,4.305872812,0.016660685,0.574839605
ZFYVE9,-2.917039772,-7.552947569,0.016712484,0.574839605
RPS4X,1.105064679,2.151085216,0.016737755,0.574839605
SLC2A4RG,1.317437828,2.492231057,0.016782523,0.574839605
BAMBI,-3.897242265,-14.90001899,0.016783603,0.574839605
MPL,-3.115743766,-8.668268046,0.016810845,0.574839605
ACTN1,-2.360822301,-5.136630509,0.01681745,0.574839605
KLF9,-1.784905715,-3.445959427,0.016822262,0.574839605
TOB1,2.504712487,5.675362277,0.016935595,0.574839605
STAR,2.281425707,4.8615815,0.016978711,0.574839605
LCP2,-1.712173085,-3.276539866,0.016979983,0.574839605
NREP,-2.189812711,-4.562462532,0.017043993,0.574839605
ST6GAL1,-1.275600901,-2.420996344,0.017093246,0.574839605
KIAA1211,-2.102660236,-4.295006266,0.017093416,0.574839605
SPATA2,1.33783824,2.527722765,0.017123248,0.574839605
C1QTNF4,5.639204824,49.83905552,0.017143816,0.574839605
IFFO2,2.212672958,4.635332914,0.017207032,0.574839605
MAPK8IP3,1.235370214,2.35441757,0.017226359,0.574839605
SELO,1.294714037,2.453283631,0.017274008,0.574839605
CD177,-5.417074741,-42.72695918,0.017298969,0.574839605
RPS16,0.946605696,1.927332783,0.017364952,0.574839605
CHCHD7,-1.19413368,-2.288073949,0.017441527,0.574839605
IL6,2.859966047,7.259982382,0.017465681,0.574839605
MIPOL1,-5.617870188,-49.10745623,0.017524129,0.574839605
TBCC,1.115845495,2.167219824,0.017545794,0.574839605
NEAT1,1.202425522,2.301262443,0.017551024,0.574839605
PXN,1.887382894,3.699634873,0.017584346,0.574839605
P4HA1,-1.085576018,-2.122222644,0.017695442,0.575052072
C6orf25,-4.27553954,-19.36714702,0.017745127,0.575052072
PIWIL4,1.772678297,3.416876958,0.017756745,0.575052072
FAM189B,-1.73872352,-3.33739748,0.017834102,0.575052072
PAK6,3.444878492,10.88959574,0.017856477,0.575052072
CD59,2.282211524,4.864230261,0.01789791,0.575052072
NCAM1,-7.445297978,-174.2842003,0.017899784,0.575052072
RPL30,0.970560453,1.959601706,0.018024542,0.575052072
FRY,2.489289885,5.615015034,0.018096155,0.575052072
WDR91,1.704030305,3.258098691,0.018102399,0.575052072
PAFAH1B2,1.630273594,3.095717005,0.018154904,0.575052072
TERT,-5.99666635,-63.85228526,0.018156979,0.575052072
S100A12,-3.713623206,-13.11933971,0.018185094,0.575052072
CEP55,-2.639028549,-6.229120795,0.018195936,0.575052072
CAMK2D,-2.879774475,-7.360350528,0.018248109,0.575334324
ACBD7,-3.271104906,-9.653853314,0.018411455,0.578153446
MMRN1,-5.151416719,-35.54110716,0.018432807,0.578153446
PRDM1,2.436818375,5.41446343,0.01849263,0.578153446
SESTD1,-2.678264737,-6.400855489,0.018511339,0.578153446
PAPSS1,-1.746802623,-3.356139359,0.018581125,0.578403623
MTERF2,-3.134089568,-8.77920053,0.018606295,0.578403623
EPAS1,2.353553342,5.1108149,0.018671035,0.578950881
PANX1,-1.621241411,-3.076396404,0.018751999,0.578950881
IRF2BPL,1.727203668,3.31085463,0.01875444,0.578950881
HIST1H2BG,-2.652946892,-6.289506804,0.01880435,0.579147853
MMP9,-2.362052541,-5.141012575,0.018963257,0.582030586
ICAM2,-1.874460896,-3.66664577,0.019012339,0.582030586
CYBRD1,1.147491941,2.215284425,0.019029515,0.582030586
MAFG,1.686489301,3.218724954,0.019073588,0.582030586
PRKD3,-1.816755629,-3.522880723,0.019116675,0.582030586
SUSD3,-3.022915011,-8.128082303,0.019274782,0.585504513
FCN1,-2.516939606,-5.723666473,0.019372576,0.585987397
LBH,1.936033773,3.82652221,0.019378764,0.585987397
CASP8,2.123974744,4.358932141,0.019441658,0.586556146
CDKN1B,1.85451177,3.616293493,0.019574894,0.588578785
RETSAT,-1.486504409,-2.802092165,0.019693195,0.588578785
FAM45A,1.706419037,3.263497732,0.019773984,0.588578785
4-Mar,-7.317016786,-159.4562445,0.019837781,0.588578785
ZBTB18,2.126956824,4.367951459,0.0198771,0.588578785
SMIM10,-2.376398052,-5.192387496,0.019888632,0.588578785
ESAM,-4.37097367,-20.69160527,0.019895481,0.588578785
SIRPA,2.27078432,4.825854169,0.020013585,0.588578785
MBOAT2,-2.053085852,-4.149926692,0.020058347,0.588578785
TOP1MT,2.549524086,5.854411223,0.020061028,0.588578785
TNNI3,-3.270314391,-9.648565002,0.020132416,0.588578785
SOCS1,2.977191006,7.874514656,0.020140154,0.588578785
RUFY1,-1.571495489,-2.972126434,0.020164752,0.588578785
P2RX4,1.3496431,2.54849072,0.020210566,0.588578785
ZNF334,-4.745421963,-26.82343255,0.020236232,0.588578785
MRPS12,-1.659205003,-3.158424317,0.020238336,0.588578785
ASMTL-AS1,1.321879484,2.499915766,0.020260735,0.588578785
DNAJC12,-4.338052312,-20.22478291,0.020340323,0.588615168
LIME1,1.486856865,2.80277681,0.020350468,0.588615168
HINT1,0.932866696,1.909065624,0.020591181,0.591428191
RASGRP2,-1.138252908,-2.201143051,0.020644245,0.591428191
C9orf9,2.848977518,7.20489556,0.020657375,0.591428191
GIGYF1,0.896445973,1.861474655,0.020680955,0.591428191
ASIC4,-5.672494103,-51.00243079,0.020698411,0.591428191
RAB7B,5.004888098,32.10860536,0.020726346,0.591428191
MTCH1,1.303153274,2.467676495,0.020771206,0.591428191
GNG11,-3.415200507,-10.66787195,0.020829463,0.591428191
GRAMD3,-1.94895998,-3.860960996,0.020847788,0.591428191
LOC729218,1.229706515,2.345192772,0.020990227,0.59420207
BTG2,2.28221511,4.864242351,0.021126069,0.59639547
SLC25A4,-2.592567768,-6.031712933,0.021157359,0.59639547
SLC39A3,-1.004430796,-2.00615183,0.021307048,0.599345182
METRNL,2.963498066,7.800129446,0.02140123,0.599518273
SLC37A3,-1.735073906,-3.328965471,0.021490069,0.599518273
TIGD1,1.590347289,3.011218274,0.021509401,0.599518273
PPFIA3,-3.966623222,-15.63408869,0.021519897,0.599518273
GPHN,-4.352494795,-20.4282653,0.021538499,0.599518273
RAPGEF4,-4.629562951,-24.75353994,0.021585909,0.599583554
SEMA6B,3.782314012,13.75909822,0.021694662,0.601348907
MPPED2,-6.126568401,-69.86840984,0.02177739,0.60172928
CFL2,1.307931591,2.475863179,0.021798836,0.60172928
ARMC4,-4.443071412,-21.75192854,0.021966441,0.605100395
MEIS3P1,-5.509990511,-45.56930653,0.0220211,0.60535276
ZMYM6,1.352804658,2.554081671,0.022074433,0.605567697
DGKA,1.4829031,2.795106201,0.022127248,0.605767559
EEF1A1,0.780678811,1.717939,0.022176269,0.605862954
KAZN,-6.355076695,-81.85942881,0.022298758,0.607090384
MIDN,1.68243988,3.209703159,0.022312454,0.607090384
FAS,2.415931172,5.336638072,0.022417576,0.60855302
LHFPL2,1.960931269,3.89313202,0.022476953,0.60855302
GAS6-AS1,2.982544174,7.903787578,0.022558839,0.60855302
PRKAR2B,-2.057776996,-4.16344278,0.022564289,0.60855302
MCU,-1.392865534,-2.625997485,0.022622501,0.60855302
IDS,2.080664242,4.230019289,0.022640642,0.60855302
LPCAT2,2.716170857,6.57126379,0.022793679,0.610828907
LINC00672,1.415408133,2.667351831,0.022817134,0.610828907
SAT1,1.703220213,3.25626974,0.022907248,0.612009904
CYBB,-2.125016992,-4.362082306,0.022962703,0.612262063
GAB2,3.159273235,8.933795528,0.023033578,0.612923515
PLTP,-1.298329006,-2.459438544,0.023097256,0.61339121
GP9,-6.551066778,-93.77079624,0.023236703,0.614228693
FOCAD,-1.509260659,-2.846641193,0.023246021,0.614228693
CD74,2.290783431,4.893217566,0.023267921,0.614228693
ANXA2,1.711182116,3.274290024,0.023362508,0.614228693
RRAGD,2.232250799,4.698664633,0.023391255,0.614228693
EIF1AD,1.468266283,2.766891905,0.023405783,0.614228693
PDIA4,-1.093064594,-2.133267072,0.023491262,0.615258357
PLEKHH3,1.998853873,3.996823524,0.023597794,0.616075563
IL12A,2.486904846,5.605740053,0.023646436,0.616075563
TK2,1.476159897,2.78207227,0.023760349,0.616075563
GLIPR2,1.395135164,2.630131922,0.02379568,0.616075563
TMEM117,-3.453796984,-10.95712185,0.023806344,0.616075563
RWDD2B,-1.853531613,-3.613837445,0.023852562,0.616075563
FCER1G,-1.880658579,-3.682431221,0.023875259,0.616075563
EEPD1,1.805973893,3.496651205,0.023896386,0.616075563
IRF2BP2,1.010284363,2.014308093,0.023939201,0.616075563
TMSB4X,-1.386048125,-2.613617691,0.02407069,0.61782146
GK5,1.305572875,2.471818605,0.024099913,0.61782146
TMEM158,3.799255068,13.92161877,0.02420029,0.61856768
RRAS,-2.515351531,-5.717369501,0.024235313,0.61856768
TLE3,1.346611019,2.543140237,0.024268495,0.61856768
NDRG1,1.53268379,2.893235562,0.024325744,0.618841334
TEX15,-6.975369148,-125.8332299,0.024465675,0.619915423
TPT1,1.088073698,2.125899944,0.02451921,0.619915423
EGLN1,2.822441237,7.073583316,0.024567526,0.619915423
PPP2R3A,-3.123331276,-8.713976823,0.024583239,0.619915423
SPC25,-1.909826443,-3.757638923,0.024683301,0.619915423
KRR1,1.178862477,2.263981983,0.024876827,0.619915423
SYCP2L,-3.853586586,-14.4559006,0.024906302,0.619915423
AKR1C3,1.954476037,3.875751404,0.024932243,0.619915423
ZBTB7A,1.628634483,3.09220182,0.025048502,0.619915423
CRAMP1L,1.385658614,2.612912139,0.025144023,0.619915423
LOC100420587,-4.724444521,-26.43622951,0.025205814,0.619915423
IER5L,2.354786348,5.115184749,0.025218244,0.619915423
AAK1,1.311728053,2.482387012,0.025232853,0.619915423
CRIPT,1.110851707,2.159731112,0.025377093,0.619915423
ARL15,-2.167130263,-4.491291196,0.025378922,0.619915423
H2AFJ,1.68286832,3.210656492,0.025419211,0.619915423
PDE5A,-5.105440033,-34.42631918,0.025441227,0.619915423
RPS29,0.929581231,1.904723035,0.025528798,0.619915423
EPM2AIP1,1.077829608,2.110858114,0.025553864,0.619915423
MEFV,-2.678538299,-6.402069324,0.025577175,0.619915423
COL4A5,6.402780291,84.61140823,0.025628107,0.619915423
RNF175,2.981124857,7.896015693,0.025797402,0.619915423
NEO1,-3.907882502,-15.0103166,0.025845789,0.619915423
BMF,2.393888208,5.255719237,0.025850682,0.619915423
PFDN5,0.956224979,1.940226363,0.025871882,0.619915423
HSPA7,-3.959804166,-15.56036682,0.025877271,0.619915423
RXFP2,4.853462691,28.90931843,0.025883146,0.619915423
IL7,-3.970181597,-15.67269742,0.025929578,0.619915423
OAF,1.953161727,3.872222161,0.026117671,0.619915423
SPATA13,1.422341368,2.680201315,0.026153003,0.619915423
EIF5,1.060780311,2.086059505,0.026162249,0.619915423
DLC1,-1.706750665,-3.26424799,0.026165978,0.619915423
LINC00294,1.619149016,3.071937823,0.026249662,0.619915423
CCDC68,-5.815831732,-56.33000645,0.026252143,0.619915423
RPS18,0.958581296,1.943397875,0.026266228,0.619915423
YIF1B,-1.376761482,-2.596847839,0.026300838,0.619915423
CEBPB,1.992879418,3.980306194,0.026343868,0.619915423
SOX4,1.607714789,3.047687094,0.026393234,0.619915423
RPS27,0.91632608,1.887303024,0.026472316,0.619915423
EEF1B2,0.870572194,1.828387922,0.0265072,0.619915423
SLC12A2,1.778548545,3.430808369,0.026619394,0.619915423
CCDC159,1.203716235,2.303322198,0.026620062,0.619915423
REEP4,1.857514181,3.623827246,0.026649695,0.619915423
ST6GALNAC1,4.88167087,29.48012773,0.02665304,0.619915423
RPS20,0.897823071,1.86325234,0.026664778,0.619915423
RPS2,0.808408573,1.751278554,0.026691409,0.619915423
TMEM55B,1.542310921,2.912606738,0.026739256,0.619915423
LOC101927851,4.443174932,21.7534894,0.026811789,0.619915423
MARVELD1,-3.433208824,-10.80186729,0.026815045,0.619915423
PPP1R13B,-4.063819951,-16.72367435,0.026905725,0.619915423
ARHGEF40,2.442117218,5.434386659,0.026918726,0.619915423
STX11,1.604588636,3.041090259,0.027086793,0.619915423
FAM127B,-2.937192211,-7.659192036,0.027096597,0.619915423
RPL35A,0.818345805,1.763382937,0.027146958,0.619915423
PSEN2,-2.396486592,-5.265193643,0.027212145,0.619915423
GSPT2,2.532525007,5.785834303,0.027298192,0.619915423
LIMA1,-2.048711487,-4.137362846,0.027309383,0.619915423
FGD2,-2.767395474,-6.808776012,0.027320769,0.619915423
KLC3,-2.112941891,-4.325724818,0.027396756,0.619915423
RNF168,1.230390165,2.346304351,0.027400084,0.619915423
CYB561,2.566287158,5.922831972,0.027419397,0.619915423
ZFP36,1.159891521,2.23440626,0.02745975,0.619915423
STXBP1,-3.443375319,-10.87825556,0.027493571,0.619915423
KLHL21,1.664851385,3.170809899,0.027509589,0.619915423
LINC00893,2.10029187,4.287961255,0.027537281,0.619915423
QSOX1,1.475716862,2.781218058,0.027589535,0.619915423
SERPINA1,-1.822847648,-3.537788122,0.027614984,0.619915423
CREG1,1.301197699,2.464333822,0.027645776,0.619915423
CALD1,-6.907374397,-120.0402482,0.027656789,0.619915423
MEX3A,-5.070802413,-33.60962201,0.027877561,0.619915423
TMEM56,3.297176683,9.829899611,0.027935778,0.619915423
VPS33B,0.966950697,1.954704731,0.028009989,0.619915423
UBASH3A,-3.360256494,-10.26923277,0.028168594,0.619915423
RBM3,1.040961858,2.057599016,0.028354697,0.619915423
ZNF319,1.088237934,2.12614197,0.028370997,0.619915423
MAPK6,1.104683166,2.150516448,0.028438841,0.619915423
PACSIN3,-3.340807756,-10.13172385,0.028485114,0.619915423
DDIT4,2.472901227,5.551590778,0.028526542,0.619915423
ZFP90,1.099459982,2.142744719,0.028571346,0.619915423
SKA3,-2.320635986,-4.995523896,0.028612184,0.619915423
TM4SF1,6.102085193,68.69271462,0.028740027,0.619915423
LOC105747689,2.838981733,7.155148618,0.028754848,0.619915423
RPL3,0.823413394,1.769587861,0.028827296,0.619915423
MAP3K5,-1.12665359,-2.183516737,0.028860942,0.619915423
RAB11A,-0.972870798,-1.962742344,0.028870004,0.619915423
TLR1,1.931473493,3.814445878,0.028882645,0.619915423
LCN2,-5.087048895,-33.99024592,0.028923823,0.619915423
HIST1H1D,-3.59716895,-12.10196112,0.029008321,0.619915423
HSBP1L1,2.163118595,4.478819715,0.029065456,0.619915423
USP38,1.102416252,2.147139985,0.02912506,0.619915423
RPL31,0.841053682,1.791357994,0.029149162,0.619915423
F3,4.411661466,21.28346983,0.029179321,0.619915423
GPR35,2.039684363,4.111555669,0.0292288,0.619915423
UNC13B,-4.045949426,-16.51779752,0.029254984,0.619915423
SQLE,-1.393601663,-2.627337731,0.029353377,0.619915423
DGCR14,1.121481478,2.17570277,0.029391372,0.619915423
NAP1L1,0.736590823,1.666233771,0.02940934,0.619915423
GBP4,-1.795721243,-3.471890007,0.02942943,0.619915423
RPL27A,0.832578141,1.780864982,0.029460532,0.619915423
CTDP1,1.093368613,2.133716664,0.029631457,0.619915423
RPLP0,0.970017463,1.958864306,0.02972903,0.619915423
FAM179A,2.668682391,6.358482035,0.029822204,0.619915423
SLC22A4,3.047522764,8.267910455,0.029832028,0.619915423
PABPC1,0.815035014,1.75934085,0.02983495,0.619915423
IGFLR1,1.210726709,2.314541947,0.029860491,0.619915423
WHAMMP2,-2.881231906,-7.367789819,0.029902059,0.619915423
CHSY3,-5.071830626,-33.63358425,0.03003725,0.619915423
SHANK2,-4.782643162,-27.5244754,0.030055254,0.619915423
NTNG2,2.937687008,7.66181934,0.030063997,0.619915423
TRABD,1.710908003,3.273667967,0.030088885,0.619915423
RPS6,0.83531067,1.784241216,0.030114189,0.619915423
PHF12,1.158729888,2.232607879,0.030167221,0.619915423
ZBTB43,2.183053405,4.541136508,0.030180144,0.619915423
GSTM3,-2.04991893,-4.140827001,0.030190935,0.619915423
USP36,1.153720489,2.224869148,0.030264816,0.619915423
DDHD1,1.46599091,2.762531489,0.030292686,0.619915423
PECAM1,-2.57887966,-5.974755432,0.030420641,0.619915423
CST3,-1.272323909,-2.415503443,0.030479426,0.619915423
TBC1D2B,1.859078465,3.627758616,0.030499278,0.619915423
FAU,0.846836359,1.798552608,0.030513363,0.619915423
DUSP23,-1.613296729,-3.059501761,0.030570951,0.619915423
GRIPAP1,1.029342657,2.041094045,0.030599199,0.619915423
MPG,1.863000741,3.637634875,0.030609921,0.619915423
TULP4,-2.05153379,-4.145464571,0.030636847,0.619915423
PRAME,-6.519232206,-91.72430772,0.030675575,0.619915423
ZNF764,1.120474462,2.174184636,0.030690275,0.619915423
ZNF44,1.592762912,3.01626443,0.030695103,0.619915423
LDLRAD2,2.835800338,7.139387646,0.030776617,0.619915423
ZBTB3,1.922393101,3.790512968,0.030790425,0.619915423
CRHBP,2.724851803,6.610923422,0.030800223,0.619915423
MMP24-AS1,0.922735414,1.895706231,0.030807487,0.619915423
ITM2C,3.00450547,8.025022682,0.030835729,0.619915423
TWISTNB,1.011422269,2.015897477,0.030895574,0.619915423
LYAR,-1.869635992,-3.654403639,0.03094174,0.619915423
BTN3A2,-1.918983604,-3.781565491,0.031055051,0.619915423
TNRC18,0.981451406,1.974450783,0.031071838,0.619915423
FUT1,-2.0766073,-4.218140939,0.03107935,0.619915423
NOSIP,-0.985986012,-1.980666539,0.031150503,0.619915423
RNF43,2.684577795,6.428926223,0.031151655,0.619915423
RPL26,0.893097777,1.857159567,0.031193147,0.619915423
GSE1,-0.839592778,-1.789544945,0.031210891,0.619915423
DDAH2,1.202275298,2.301022831,0.031230662,0.619915423
RPL11,0.807668846,1.750380833,0.031239536,0.619915423
BANK1,-3.323358451,-10.00991939,0.031253038,0.619915423
MAPK12,-1.486253299,-2.801604485,0.031333898,0.619915423
HDHD3,-1.186157773,-2.275459286,0.03141775,0.619915423
KLHDC7B,3.026224984,8.146751961,0.031472014,0.619915423
LIMS1,-1.723015849,-3.3012579,0.031524674,0.619915423
TLN1,-1.423786296,-2.682887009,0.031549489,0.619915423
CXorf21,2.489538666,5.61598338,0.031570298,0.619915423
DDX3X,0.896303194,1.86129044,0.031616795,0.619915423
PRR14,1.242262325,2.365692114,0.031690345,0.619915423
MSI2,1.396273001,2.632207095,0.031712448,0.619915423
SNORD10,1.905774446,3.747099911,0.031720162,0.619915423
PTPRE,2.605903772,6.087727457,0.031800633,0.619915423
IMPACT,1.715460401,3.28401428,0.031917658,0.619915423
IRF1,1.740246949,3.340923502,0.032015381,0.619915423
PCNXL2,2.165669663,4.486746464,0.032082572,0.619915423
EFCAB13,-1.905042949,-3.745200482,0.032114802,0.619915423
SERPINB2,6.374451675,82.96619255,0.032118516,0.619915423
SULT1A1,-1.321396188,-2.499078445,0.032202833,0.619915423
PPAPDC3,-5.177769002,-36.19626676,0.032225236,0.619915423
OSM,3.078773256,8.448957004,0.032238436,0.619915423
SLC35G1,-4.014355577,-16.16000318,0.032253398,0.619915423
BMP2K,-1.40787139,-2.653453727,0.032364435,0.619915423
LINC00869,2.235028083,4.707718588,0.032457894,0.619915423
MVB12B,2.564118972,5.913937399,0.032495079,0.619915423
CCDC150,-1.478930116,-2.787419452,0.03259891,0.619915423
FCGR2C,-4.369831057,-20.67522403,0.032653164,0.619915423
ULK1,1.303564898,2.468380663,0.032689509,0.619915423
CKAP2L,-1.565096798,-2.958973546,0.032699999,0.619915423
UACA,-4.509720149,-22.78038381,0.032752322,0.619915423
PNPLA2,0.978922477,1.97099276,0.032754918,0.619915423
ARHGAP42,-3.988431955,-15.87221925,0.032818019,0.619915423
AUTS2,-1.471547041,-2.77319111,0.032822203,0.619915423
TIGD3,2.748394951,6.719691268,0.032828999,0.619915423
LRRC4,1.661527556,3.16351307,0.032872175,0.619915423
TSPAN6,-3.023725878,-8.132651979,0.032975999,0.619915423
CSTA,2.410750224,5.317507723,0.033003793,0.619915423
TTN,-1.26134296,-2.397187838,0.033066145,0.619915423
ZNF281,1.227052886,2.340883093,0.033123359,0.619915423
ALG2,1.394716328,2.629368466,0.033146077,0.619915423
C2orf69,1.100999424,2.145032377,0.033160211,0.619915423
FAM127C,-4.95111329,-30.93382414,0.033168541,0.619915423
RNA28S5,-4.381542596,-20.84374487,0.03327269,0.619915423
AADAT,-2.892801216,-7.427111392,0.033282318,0.619915423
TUSC1,-4.325798659,-20.05372946,0.033346172,0.619915423
ZNF217,1.641796341,3.120541375,0.03335985,0.619915423
7-Sep,-0.778765528,-1.715662202,0.033403158,0.619915423
ZXDB,1.542286066,2.912556559,0.033447259,0.619915423
AKNA,1.861197116,3.633090028,0.033495472,0.619915423
DENND2C,-5.582728431,-47.92572764,0.033518806,0.619915423
PTGER2,2.180463467,4.532991535,0.033521669,0.619915423
DYNLL2,1.018501651,2.025813904,0.033546432,0.619915423
LINC00954,-2.653695933,-6.292773137,0.033611058,0.619915423
SIGLEC8,-5.004068731,-32.09037472,0.03367948,0.619915423
HIC1,4.471492116,22.18468427,0.033751572,0.619915423
NFKBIA,1.322653164,2.501256765,0.033764313,0.619915423
OXER1,2.743963795,6.699083783,0.033837491,0.619915423
ZNF706,1.249470508,2.377541475,0.033843658,0.619915423
CDYL2,3.946528611,15.41783845,0.033942845,0.619915423
C14orf2,-0.858127956,-1.812684641,0.033944186,0.619915423
RHAG,-2.745645402,-6.706896793,0.033967468,0.619915423
KHNYN,1.614720234,3.062522056,0.034003331,0.619915423
GZMA,-3.497667846,-11.29543437,0.034056738,0.619915423
C19orf57,-3.607377978,-12.18790266,0.034076084,0.619915423
SMO,-2.298369085,-4.91901374,0.034079763,0.619915423
ZDHHC18,1.18183524,2.268651868,0.034123997,0.619915423
MIRLET7DHG,2.239589786,4.722627629,0.034299328,0.619915423
TGFBI,-1.674843686,-3.192847586,0.034319567,0.619915423
GSPT1,-0.94961078,-1.931351535,0.03443071,0.619915423
SERINC5,1.171038194,2.251736784,0.034437371,0.619915423
PFKFB3,1.82589722,3.545274216,0.034461967,0.619915423
LYSMD2,2.357263877,5.123976565,0.034540763,0.619915423
CACNA1H,3.659064415,12.63246621,0.034602029,0.619915423
GTF2E2,-1.169710299,-2.249665179,0.03463018,0.619915423
ZNF621,1.073061702,2.103893537,0.034710443,0.619915423
UNG,-1.66799813,-3.177733481,0.034740875,0.619915423
BIN2,-1.764286306,-3.397059073,0.034778993,0.619915423
P2RY8,2.38732929,5.231879416,0.034797617,0.619915423
LITAF,1.801161671,3.485007283,0.034854988,0.619915423
OSCAR,2.464567698,5.519615217,0.034898263,0.619915423
TRAM2,-1.233354759,-2.351130729,0.03490801,0.619915423
RUFY4,-4.937004593,-30.63278418,0.03495749,0.619915423
LOC115110,-2.198052372,-4.588594667,0.034972643,0.619915423
HAAO,3.058976287,8.333810453,0.034975611,0.619915423
SLC7A7,-2.144961091,-4.42280333,0.034981172,0.619915423
PITPNA,0.890624917,1.853979019,0.03503493,0.619915423
OPHN1,-2.677641673,-6.398091712,0.035037685,0.619915423
MMP19,4.348711652,20.37476694,0.0350939,0.620085442
ANKS6,-2.610056981,-6.105277967,0.035161213,0.620087093
NPC2,0.976195293,1.967270433,0.035187204,0.620087093
MTF1,1.163032881,2.239276813,0.035314495,0.621507091
CCT6B,1.6660006,3.173336692,0.035423819,0.621910296
URB1,-1.60402661,-3.039905782,0.035452192,0.621910296
SLC39A4,-1.626203862,-3.086996532,0.035579479,0.621910296
GPT2,1.524009723,2.875892448,0.035584343,0.621910296
MAGED2,-1.212424216,-2.31726689,0.035616399,0.621910296
GCSAM,-4.07579845,-16.86310677,0.035652716,0.621910296
FAM132A,2.487843517,5.609388544,0.035664604,0.621910296
UGGT2,-2.960801591,-7.785564197,0.035908305,0.623529475
C7orf13,-3.259204449,-9.574548451,0.035908804,0.623529475
CWC25,1.264624651,2.402646917,0.036022867,0.623529475
MSL2,1.201890265,2.300408805,0.036033084,0.623529475
DENND5A,1.533492638,2.894858113,0.036152169,0.623529475
TRIM46,1.970574947,3.919242786,0.036174443,0.623529475
PLD1,1.164684665,2.241842095,0.036224416,0.623529475
RSU1,-1.845136497,-3.592869405,0.036230066,0.623529475
CAD,-1.572567343,-2.974335402,0.03625776,0.623529475
LOC100996579,2.760156917,6.774699318,0.036377036,0.623529475
TOP2B,-0.956459621,-1.94054195,0.036424384,0.623529475
PABPC4L,-4.554819859,-23.50376318,0.036445276,0.623529475
PLEKHA1,-2.14798482,-4.432082756,0.03652669,0.623529475
ARHGEF12,-1.786865073,-3.450642643,0.036606351,0.623529475
RPS28,0.841736575,1.792206126,0.036615195,0.623529475
ADAMTS3,-2.862484203,-7.272665401,0.036615236,0.623529475
TMEM45A,-5.604528721,-48.65542345,0.036652809,0.623529475
ICK,-1.59436652,-3.019618982,0.03672867,0.623529475
HP,-3.667229617,-12.7041647,0.036748999,0.623529475
BASP1,-2.71485622,-6.565278536,0.036753238,0.623529475
VEZF1,1.102992454,2.147997708,0.036765757,0.623529475
GLIPR1,2.071791611,4.204084337,0.036795049,0.623529475
SLC25A15,-1.09517744,-2.13639356,0.036861326,0.623529475
RPS8,0.834281595,1.78296897,0.036882202,0.623529475
DAD1,-1.334977246,-2.52271503,0.03704015,0.625405075
CELSR3,-1.81802723,-3.525987181,0.037139624,0.625793031
KLHL28,1.13778047,2.200422363,0.037157196,0.625793031
PTPRM,3.343620202,10.15149429,0.037318155,0.627128048
KLHL11,1.019024551,2.026548286,0.037364717,0.627128048
FLNA,-1.201715559,-2.30013025,0.037486118,0.627128048
IL1R1,2.567035143,5.925903543,0.037511846,0.627128048
DFNB31,2.026104767,4.073036568,0.037571333,0.627128048
LPPR2,1.499858377,2.828149485,0.037692559,0.627128048
DLGAP2,-5.127722472,-34.96216141,0.037714019,0.627128048
ARFIP2,0.895731392,1.860552876,0.037725275,0.627128048
ERLIN1,1.125601791,2.181925421,0.037725596,0.627128048
EFHD2,1.499692124,2.827823593,0.037736216,0.627128048
LDLRAD4,-2.29531428,-4.908609094,0.037754947,0.627128048
NAA38,-1.358716053,-2.564568404,0.037960207,0.628363618
VDAC1,-0.861091128,-1.816411565,0.037998674,0.628363618
KCNC3,-3.171162003,-9.007720124,0.0380117,0.628363618
OBSL1,-2.844021216,-7.180185993,0.038046624,0.628363618
UBQLN4,-1.124269745,-2.179911771,0.038073937,0.628363618
MAN2C1,0.890137471,1.853352717,0.0381796,0.628363618
PLBD1,-2.259187974,-4.787219558,0.038192207,0.628363618
ZNF185,2.24561714,4.7423993,0.038234423,0.628363618
CCDC130,0.867353678,1.824313508,0.03825438,0.628363618
PLEKHA8,-3.188932199,-9.119357598,0.038337508,0.628952576
PLXNA4,-3.84084057,-14.32874718,0.038569219,0.631561512
LILRA5,-2.047638138,-4.134285837,0.03859147,0.631561512
HLTF,-1.752458781,-3.369323098,0.03868208,0.632266679
SGSM2,1.332243208,2.517938783,0.038816642,0.633312218
AOX2P,3.954627809,15.50463662,0.039019213,0.633312218
ZBTB12,-2.541198079,-5.820721854,0.039025634,0.633312218
ERMP1,-1.350664942,-2.550296422,0.039045887,0.633312218
RAB3D,2.866477905,7.292825654,0.039082959,0.633312218
ITGAX,1.92474202,3.796689506,0.039093573,0.633312218
RMDN2,-1.779552363,-3.433196335,0.039108118,0.633312218
NDST2,1.116017746,2.167478594,0.039140833,0.633312218
ZNF552,1.532519324,2.892905755,0.03917582,0.633312218
LGALS3BP,1.671108846,3.184592653,0.039259007,0.633312218
TTC39C,1.543119833,2.914240279,0.039269641,0.633312218
ZNF418,-3.066726946,-8.378703057,0.039328643,0.633495883
MYT1,3.15833175,8.927967342,0.039464031,0.633914699
SEC14L2,2.715395465,6.567732941,0.039511898,0.633914699
RPS11,0.775715604,1.712039045,0.039562964,0.633914699
C8orf88,-4.595549592,-24.1767697,0.039569417,0.633914699
HIST1H2BK,1.229745469,2.345256095,0.039618768,0.633914699
GPR183,2.917576649,7.555758809,0.039640513,0.633914699
UNKL,1.073947371,2.105185511,0.039799837,0.635340002
UBE2V2,-0.963984676,-1.950690203,0.039869905,0.635340002
LOC100419583,-2.278343321,-4.85120559,0.039872898,0.635340002
MYO3B,-4.193287201,-18.29385481,0.039938112,0.63561792
SIGLEC1,-2.827719632,-7.099510869,0.040007076,0.635623251
ABCD1,-1.167076094,-2.245561282,0.040033994,0.635623251
CNTD1,2.366209552,5.155847357,0.040280619,0.636574113
MLF2,0.841036816,1.791337052,0.040295445,0.636574113
ZNF117,-1.62169525,-3.077364319,0.040318132,0.636574113
ZBTB7B,-1.100237019,-2.143899115,0.040369727,0.636574113
MEIOB,-5.906661835,-59.99048685,0.040430635,0.636574113
DCBLD1,-2.965528044,-7.811112525,0.0404432,0.636574113
SMAD7,3.13582073,8.789741456,0.040450953,0.636574113
RAB33B,1.183296667,2.270951141,0.04047664,0.636574113
PTP4A1,1.048538767,2.068433774,0.040559754,0.63712813
COL6A5,-6.625466758,-98.73343109,0.040621836,0.637350863
SLC25A38,1.372295276,2.588821108,0.040700918,0.637638302
DPP7,1.151341301,2.221203079,0.040736006,0.637638302
TMEM70,1.19048393,2.282292863,0.040870405,0.638481098
ZC3H3,0.994975248,1.993046332,0.040957934,0.638481098
TAPT1-AS1,-2.036741312,-4.10317678,0.040962458,0.638481098
RAI1,1.42804521,2.690818739,0.04099261,0.638481098
ELP6,-1.213336755,-2.31873308,0.041029789,0.638481098
FUT8,-2.162261837,-4.476160716,0.041094146,0.638589783
ATP6V0B,1.137734709,2.200352569,0.041132765,0.638589783
FYB,-2.080969869,-4.23091549,0.041345309,0.641141415
CD4,-2.559634605,-5.895583491,0.041543306,0.642728186
ACVR2B,-3.055856485,-8.315808208,0.041649058,0.642728186
FKBP1B,-1.901073108,-3.73490904,0.041657279,0.642728186
SEC61A2,1.235874163,2.355240138,0.041727458,0.642728186
KDELR3,-2.314896929,-4.975691121,0.041858952,0.642728186
NOC3L,-1.210422321,-2.314053663,0.041901493,0.642728186
SMARCB1,-0.812860569,-1.75669115,0.041961003,0.642728186
LTBP3,1.93966179,3.836157064,0.042059351,0.642728186
CTNNB1,0.781027551,1.718354325,0.042072165,0.642728186
CA13,-2.706364237,-6.526747546,0.042114882,0.642728186
PF4,-5.758114077,-54.12090567,0.042126142,0.642728186
FAM213B,-1.537822962,-2.903560232,0.042188392,0.642728186
GBGT1,-2.337079988,-5.052789185,0.042335425,0.642728186
HSH2D,2.104256507,4.29976111,0.042355718,0.642728186
PLCG1,-1.383963324,-2.609843547,0.042356745,0.642728186
RAB20,1.953450464,3.872997215,0.042364242,0.642728186
PARD3,-5.831790288,-56.95656705,0.042364395,0.642728186
SIX5,-3.077522021,-8.441632481,0.042436924,0.642728186
SAPCD2,-2.388839262,-5.237358139,0.042494669,0.642728186
RPLP2,0.752509902,1.684721246,0.042541568,0.642728186
PDPR,-0.877116697,-1.836700886,0.042585172,0.642728186
NFKB2,1.381972857,2.606245264,0.042611069,0.642728186
DDX20,1.16331236,2.239710649,0.042642758,0.642728186
SPSB3,0.801210331,1.742562414,0.042643879,0.642728186
SLC6A8,3.129485631,8.751228947,0.042655317,0.642728186
FOS,2.056105492,4.158621814,0.04276369,0.643009186
FAM213A,-4.456220954,-21.95109425,0.042770622,0.643009186
TEX30,1.087676896,2.125315313,0.043049666,0.643121963
CERS4,-2.344897574,-5.080243237,0.043056436,0.643121963
LTB4R,0.935269748,1.912248144,0.043069385,0.643121963
LMF2,1.02943751,2.041228245,0.04321936,0.643121963
FAM50B,4.161594114,17.89635798,0.043233587,0.643121963
RPS27A,0.80889088,1.751864121,0.043282498,0.643121963
TAGAP,1.532099216,2.892063473,0.043303783,0.643121963
PTPRG,-7.054659953,-132.9426266,0.043321383,0.643121963
PLA2G4C,-2.642743583,-6.245181857,0.043327938,0.643121963
MTMR11,-1.990323469,-3.973260733,0.043390249,0.643121963
C1orf186,3.434360126,10.81049086,0.043396838,0.643121963
LOC90246,-2.481978551,-5.586631072,0.043404097,0.643121963
MIRLET7BHG,3.422861704,10.72467262,0.043469054,0.643121963
NFKBID,1.765224809,3.399269649,0.043531672,0.643121963
THCAT158,-4.057863356,-16.65476804,0.043580397,0.643121963
IFITM10,2.890650844,7.416049348,0.043612923,0.643121963
PAX5,-3.081690478,-8.466058619,0.043622566,0.643121963
SAMD14,-5.418599616,-42.77214386,0.043717083,0.643121963
ZNF516,2.400455071,5.279696761,0.043720218,0.643121963
GPR137C,-3.507253158,-11.37073146,0.043744861,0.643121963
DIAPH2,1.870425011,3.6564028,0.043851793,0.643982463
REC8,1.481342433,2.792084169,0.043915808,0.644178511
PUS7,-2.169724834,-4.499375689,0.04398734,0.644178511
GALNT3,2.605507588,6.086055913,0.044043376,0.644178511
ABLIM1,1.663691643,3.168261997,0.044058808,0.644178511
RPL18,0.675425888,1.597068163,0.044364308,0.645183073
ADAMTS13,-1.563243593,-2.955175055,0.044372505,0.645183073
PPP1R3B,2.793579861,6.93348106,0.044374536,0.645183073
MDM2,1.386325118,2.614119545,0.04439808,0.645183073
RPL7A,0.719147041,1.646208465,0.044399981,0.645183073
CEACAM1,-2.888378322,-7.40437684,0.044451315,0.645183073
RHOH,1.895928898,3.721615211,0.044466958,0.645183073
PRUNE,-1.197455337,-2.293348074,0.04473155,0.645803728
DHRS1,1.092191758,2.131976829,0.044755163,0.645803728
MED26,1.59277286,3.016285227,0.04475858,0.645803728
WHAMMP3,-1.498406823,-2.8253054,0.044779128,0.645803728
CTSL,2.155635385,4.455648377,0.044786514,0.645803728
OTUD7B,-1.319857263,-2.496414096,0.044982252,0.645803728
GDE1,1.037805576,2.053102388,0.04498321,0.645803728
ALDH3B1,2.116796498,4.337297785,0.04503103,0.645803728
PAQR9,3.669646582,12.72546599,0.045058502,0.645803728
EMB,2.654584793,6.296651377,0.04509222,0.645803728
SLC22A20,-2.484170627,-5.595126026,0.045110547,0.645803728
RPS9,0.864839423,1.821136957,0.045132367,0.645803728
SLC4A1,3.630139512,12.38171723,0.045210922,0.645803728
BTF3,0.787510236,1.726093046,0.045235531,0.645803728
ERI1,1.2707366,2.412847274,0.045265344,0.645803728
AP5Z1,0.85457487,1.808225833,0.045286349,0.645803728
CES3,-3.523006919,-11.49557654,0.045400398,0.646736928
OGFRL1,-1.092128485,-2.131883327,0.04555261,0.64812843
NRGN,-3.399684386,-10.55375422,0.045622364,0.64812843
ZNF165,2.12319564,4.356578806,0.045644219,0.64812843
RPS13,0.760782599,1.694409519,0.045849533,0.650000191
EXOC3L4,-6.020395509,-64.91119943,0.045873745,0.650000191
PRRG1,-6.118582138,-69.48271094,0.046001055,0.651110683
RTKN2,-3.837679163,-14.29738268,0.04641673,0.652190321
ACO1,-1.499819403,-2.828073084,0.046456733,0.652190321
SMAP2,1.158458389,2.232187767,0.046476058,0.652190321
BLOC1S3,1.276634493,2.422731444,0.04656805,0.652190321
RELL1,1.805666976,3.495907413,0.046675627,0.652190321
IMPDH2,-1.233877372,-2.351982576,0.04668348,0.652190321
HSPB1,-2.287456849,-4.881947732,0.046699198,0.652190321
HIST1H2AE,-2.062266093,-4.176417944,0.046769988,0.652190321
SH3KBP1,1.561735135,2.952086788,0.046802015,0.652190321
RASGEF1A,2.284673593,4.872538529,0.046806795,0.652190321
CCDC71L,1.094293537,2.135085045,0.046836002,0.652190321
ANKRD18B,-2.943271674,-7.691535683,0.046862576,0.652190321
SMARCA4,-0.768222788,-1.703170407,0.046982408,0.652190321
CMTM3,2.278060599,4.850255001,0.047004594,0.652190321
TAPBP,0.91888765,1.890656993,0.047077541,0.652190321
PPP2R1A,-0.735972676,-1.665519997,0.04711266,0.652190321
ENO3,-1.54278779,-2.913569631,0.047116741,0.652190321
ABRACL,-1.078961445,-2.112514794,0.047129944,0.652190321
PEX6,-1.227281849,-2.341254632,0.047231641,0.652190321
ITPR3,1.537841721,2.903597988,0.047263458,0.652190321
PFN1,-0.946712646,-1.927475665,0.047315492,0.652190321
TJAP1,0.864553543,1.820776122,0.047384012,0.652190321
TNNT3,2.349768857,5.097425754,0.047464044,0.652190321
AP1M1,-0.92386542,-1.897191645,0.047487141,0.652190321
FUT7,3.76935031,13.63601617,0.047532681,0.652190321
C17orf104,-2.437840295,-5.418300077,0.047556699,0.652190321
LOC646762,-1.386619527,-2.614653059,0.047590451,0.652190321
ABCF3,0.87217074,1.830414949,0.047602305,0.652190321
RTP5,3.250313895,9.515727086,0.047693814,0.652190321
TMEM189,1.066503204,2.094350935,0.047760491,0.652190321
PARP15,-1.029508282,-2.04132838,0.047784087,0.652190321
CCDC85C,-3.122437774,-8.70858168,0.047869485,0.652190321
RPS5,0.732775102,1.661832644,0.047869864,0.652190321
BTG1,1.367067058,2.579456395,0.047878356,0.652190321
PTGR1,-2.47775084,-5.570283827,0.048055577,0.652190321
USP19,0.775350289,1.711605582,0.048128685,0.652190321
PCYOX1,-1.354740425,-2.557510964,0.048132134,0.652190321
LINGO3,2.45021026,5.46495744,0.048136114,0.652190321
KLF6,0.824589568,1.771031126,0.048176193,0.652190321
ZNFX1,1.066994646,2.095064479,0.048298935,0.652190321
RAG1,-5.286454494,-39.02845627,0.048347006,0.652190321
CRELD1,-1.898376423,-3.727934271,0.048377663,0.652190321
EXPH5,-4.022052694,-16.246451,0.048495521,0.652190321
GYPC,2.811156446,7.018469433,0.048518809,0.652190321
SMPDL3A,-2.826822658,-7.095098229,0.048572516,0.652190321
NUDT16,1.421507578,2.678652768,0.048679252,0.652190321
FAM46A,1.809518676,3.505253237,0.048743354,0.652190321
ITPRIPL2,2.67651655,6.393103943,0.048765964,0.652190321
FAM131A,1.859729393,3.629395789,0.048776272,0.652190321
HTR7,4.228567159,18.74673126,0.048784296,0.652190321
RPS3A,0.757709625,1.690804228,0.048807795,0.652190321
TRIB2,-2.439315668,-5.423843939,0.048856785,0.652190321
EVL,-1.421904241,-2.679389355,0.048872925,0.652190321
DZIP1L,-3.558053596,-11.77825245,0.048942496,0.652190321
SLC44A4,3.361804774,10.28025948,0.048995898,0.652190321
TFDP1,1.916825017,3.775911674,0.049021492,0.652190321
FBRS,0.998165516,1.997458482,0.049147595,0.652190321
CBX7,1.434286231,2.70248429,0.049367561,0.652190321
RPL35,0.679250706,1.601307866,0.049396047,0.652190321
SLC39A14,-1.475536611,-2.780870594,0.049401628,0.652190321
LINC00936,1.60264221,3.036990108,0.049475106,0.652190321
HHIP,-4.297110135,-19.65889238,0.049581745,0.652190321
RPL39,0.785578882,1.723783849,0.049636482,0.652190321
SDE2,1.23677936,2.356718362,0.049681821,0.652190321
CSRNP1,1.522290946,2.872468249,0.049717061,0.652190321
TREM1,2.472283045,5.54921248,0.049780031,0.652190321
CISH,1.001135241,2.001574398,0.049864859,0.652190321
LGALS1,1.966704672,3.908742841,0.049903885,0.652190321
ISCU,0.998063142,1.997316746,0.049946143,0.652190321
DEPDC7,1.508829292,2.845790172,0.049997798,0.652190321
