"Gene","logFC","FoldChange","pValue","FDR"
"ITGA2B",-6.1250761275768,-69.7961777712596,0.00000278599070706636,0.0370676063575179
"MLC1",-2.73156153633872,-6.64174132892395,0.0000760168357441523,0.340779521172995
"CEBPA",5.46618614798183,44.2064858448309,0.00012514611356012,0.340779521172995
"CLCN7",2.27979904362962,4.85610307250033,0.000127366326485457,0.340779521172995
"RYR3",-5.32559273504909,-40.1017345548847,0.000214919056062615,0.340779521172995
"IGF2BP1",-11.7058598355177,-3340.5266093713,0.000224969094877128,0.340779521172995
"RNF144A",3.8222069486221,14.1448693743643,0.000232175235009399,0.340779521172995
"TANC1",-4.70016265090155,-25.995007221669,0.000244170189944378,0.340779521172995
"TSPAN15",-6.5500564307009,-93.705149725269,0.000257442075430058,0.340779521172995
"CDC42BPA",-4.61214802438923,-24.4565335095947,0.000271896782343983,0.340779521172995
"DNM3",-6.23442717187445,-75.292130189705,0.000290795649766847,0.340779521172995
"HPSE2",-9.57462568259139,-762.51699503606,0.000314294705445634,0.340779521172995
"RETN",-4.30640825297627,-19.7860024136854,0.000332967589270871,0.340779521172995
"PTGS1",-3.05441711802469,-8.30751572084739,0.000379354416810171,0.360522179689952
"MGST1",3.99376575613565,15.9310091936478,0.000425685551561272,0.377583084234848
"DBN1",-3.47740720013348,-11.1379143631866,0.000471204934060921,0.391836352980035
"RHBDD2",2.19819906286776,4.58906125127678,0.000528180421686368,0.396115020329503
"TPSB2",7.37609066208474,166.121001244144,0.000535894052305979,0.396115020329503
"SERPINI1",-6.10531116959692,-68.8464886343806,0.000606799821451934,0.424919559179893
"CXCL8",3.8616431425216,14.5368536585501,0.000726096835030873,0.441782524476558
"PLAG1",-3.0461465217535,-8.26002713904307,0.000791395074572066,0.441782524476558
"TELO2",2.57782877049321,5.97040488019882,0.00079444367926929,0.441782524476558
"TIPARP",3.13962079674205,8.81292420122528,0.000813394253982532,0.441782524476558
"RUNX1T1",-7.06676982928148,-134.063233821283,0.000882219941374041,0.441782524476558
"EPHA3",-9.68950677686971,-825.718819552635,0.000901152441359375,0.441782524476558
"PLXND1",2.89128477925887,7.41930875353855,0.000950492796682898,0.441782524476558
"GABBR1",-6.06612357056271,-67.0015966607025,0.00101277338654824,0.441782524476558
"ATP8B4",4.03599464539975,16.4042149214333,0.00106519361243671,0.441782524476558
"PKIA",-4.01425176162891,-16.1588403602226,0.00106926738328427,0.441782524476558
"VIM",4.16227093125532,17.9047557286903,0.00107977346753755,0.441782524476558
"CHD7",-2.25129242067638,-4.76109171581343,0.00109863070941917,0.441782524476558
"MYCT1",-8.67643025545637,-409.134179261439,0.00109898789557381,0.441782524476558
"CMTM5",-6.97231609737299,-125.567221526515,0.00114871731665328,0.441782524476558
"TNIK",-3.9921569258904,-15.9132535328009,0.00119328724722949,0.441782524476558
"DUSP2",2.67383246919004,6.38122086569034,0.00119724596928048,0.441782524476558
"PDE4D",2.4492068540137,5.46115783772853,0.00124995903628312,0.441782524476558
"SYNE2",-3.28577442524854,-9.75251576413248,0.0012711679605729,0.441782524476558
"MAP3K8",2.50303989492138,5.66878634311052,0.00129165992811846,0.441782524476558
"LAT",-4.78053888209918,-27.4843581330188,0.00130467536088693,0.441782524476558
"RFX8",7.97145619577586,250.984801889911,0.00132816993454057,0.441782524476558
"ANXA3",-5.20636035664373,-36.9207602848487,0.00142222136767145,0.448674862389012
"TSPYL5",-4.37356490056952,-20.7288029470894,0.00145397687459405,0.448674862389012
"B3GNT5",3.88238846653706,14.7473973949726,0.00149128182408856,0.448674862389012
"BHLHE40",2.82844090307833,7.10306113815294,0.00164266248171812,0.448674862389012
"SH3RF1",3.53890312561771,11.6229399108158,0.00171672367591462,0.448674862389012
"STAB1",2.36750647673119,5.1604843393501,0.00172329980558372,0.448674862389012
"EMP1",5.10210070346946,34.3467265623197,0.0017317111272975,0.448674862389012
"OCLN",6.18448901822068,72.7305216226785,0.00177619882799665,0.448674862389012
"FLT3",6.68781184636975,103.093663091772,0.00182779359224144,0.448674862389012
"TRPC6",-9.95632562806989,-993.46520410788,0.00182896805985442,0.448674862389012
"CPXM1",2.03549679944953,4.09963878076765,0.00183706066776331,0.448674862389012
"RIT1",1.5808907782803,2.99154502806858,0.00184180934109752,0.448674862389012
"FCRL1",-4.14629413246486,-17.7075674487861,0.00186496638813617,0.448674862389012
"TPSD1",6.24140272791881,75.6570557023274,0.00186879922051987,0.448674862389012
"AMD1",1.50331403760264,2.83493181759781,0.00189422847660734,0.448674862389012
"CBX4",2.60680730800604,6.09154129438874,0.00191786711143752,0.448674862389012
"GOLGA8B",2.11755966715281,4.33959277452111,0.00192216964721336,0.448674862389012
"MDGA1",3.18179150723261,9.07433239692617,0.00199137252156267,0.451155129371571
"C2orf88",-3.84537229000206,-14.3738266789507,0.00201532527424563,0.451155129371571
"SPNS3",5.50909742784219,45.5411061300882,0.00203452144023256,0.451155129371571
"CTNNBL1",-1.55404580637819,-2.93639450276355,0.00221931294153016,0.471592854975894
"SPATA20",2.73079484881655,6.63821266399711,0.00223699455138207,0.471592854975894
"SOCS3",3.68384799791385,12.8513498609052,0.00225868405999129,0.471592854975894
"NFIC",2.0483862466619,4.13643022578946,0.002270415509735,0.471592854975894
"CD96",4.13129419955009,17.5244128094965,0.00234083496309432,0.471592854975894
"CD40",-3.22498081872834,-9.35009367401328,0.0024090932612872,0.471592854975894
"SERPINH1",-3.93400622309328,-15.2845929123673,0.00243300689532095,0.471592854975894
"MTSS1",-2.13453413007175,-4.39095311529789,0.00248650630254962,0.471592854975894
"GFI1",4.23307531821424,18.8054029953889,0.00253832424004903,0.471592854975894
"SGK1",3.22673659048308,9.36147974213743,0.00255781107993925,0.471592854975894
"ZNF503",6.09439443731637,68.3275000323384,0.00257703177151823,0.471592854975894
"ATP1B1",2.97702086659726,7.87358605602767,0.00268104544000739,0.471592854975894
"ALDH7A1",-3.8380102381617,-14.3006640827679,0.00270648926633062,0.471592854975894
"WWC2",-3.66832024129972,-12.7137722197159,0.00279959503394608,0.471592854975894
"PDLIM5",-2.4053002000545,-5.29745783687649,0.00280476688403004,0.471592854975894
"PDLIM1",-1.92533555694741,-3.79825181779796,0.00282061002611477,0.471592854975894
"LOC284454",2.61926496231853,6.14436943707886,0.00284674047573808,0.471592854975894
"SH2D1A",4.0795680751401,16.9072260790564,0.00286002417945113,0.471592854975894
"HACD1",-2.78753919319986,-6.90451076773882,0.00288150060018143,0.471592854975894
"SLC22A17",-4.01260605130332,-16.1404181656512,0.00291110423395674,0.471592854975894
"MIR221",3.17273029298571,9.01751734485889,0.00291636620582865,0.471592854975894
"HOMER3",4.09131257116379,17.0454238786562,0.00291846591601651,0.471592854975894
"DUSP10",2.87104959675838,7.31597221909536,0.00294191709605405,0.471592854975894
"MACROD2",-5.46424247808425,-44.146968788462,0.00301251972774441,0.474974236312875
"GNA15",2.04533893374981,4.1277023284297,0.00306924729837902,0.474974236312875
"LAX1",3.08117250779218,8.46301959954358,0.00307010780330005,0.474974236312875
"ITGB1",-1.62884489850638,-3.09265284652184,0.00318759055526405,0.480803566284839
"LMO4",-2.94588379864468,-7.70547449248306,0.00325996063721491,0.480803566284839
"GPR27",6.06706160070215,67.0451747918124,0.00330468120181554,0.480803566284839
"SQRDL",2.36898042152324,5.16575929742322,0.00330624581672948,0.480803566284839
"SRPR",1.36755742193961,2.58033328615659,0.00335565497139187,0.480803566284839
"MAFK",2.12251969941638,4.35453811154657,0.00340630170133539,0.480803566284839
"ADAMTS14",-3.26147300118726,-9.58961570139654,0.00342697567577781,0.480803566284839
"MBOAT7",2.48728952225299,5.60723495192833,0.0034865497289504,0.480803566284839
"HLX",4.23412247152378,18.8190575015329,0.00360291189007042,0.480803566284839
"CDK14",3.73516412417433,13.3166946058073,0.00363339380213451,0.480803566284839
"HK3",-2.70922431198769,-6.53969934930892,0.003662247644646,0.480803566284839
"IL15RA",3.62395289699366,12.3287352023913,0.00370153607954492,0.480803566284839
"DAG1",-2.54851227641192,-5.85030676901845,0.0037378574300996,0.480803566284839
"EPB41L5",-2.69230791411721,-6.46346556985264,0.00374502821391159,0.480803566284839
"GPR63",-5.57772568703438,-47.7598263841341,0.00374738285170581,0.480803566284839
"PRAM1",2.96810414016482,7.82507261584653,0.00376385223293788,0.480803566284839
"ANKRD36BP2",-3.58392363876587,-11.9913620995576,0.00381624056863023,0.480803566284839
"ELMSAN1",2.12653031648503,4.36666034246219,0.00384697089302086,0.480803566284839
"HYAL3",-2.59623900484758,-6.04708142327488,0.00391288618067506,0.480803566284839
"IER3",3.79278718286744,13.8593451097753,0.00393412544405997,0.480803566284839
"CYP1B1",3.89603163768095,14.8875209965926,0.00393840071582754,0.480803566284839
"ZNF14",2.32866078305817,5.02338825015517,0.00408965639342817,0.480803566284839
"PLAU",4.64500320711893,25.019884199392,0.00425452854566161,0.480803566284839
"FAM20C",3.35234792028169,10.2130928427533,0.00425641128456188,0.480803566284839
"SEMA6C",-3.65803672630506,-12.6234708018977,0.00430185504314502,0.480803566284839
"SLC17A9",2.72339576275031,6.60425471089885,0.00430679912575629,0.480803566284839
"PCDH20",-6.54739571645125,-93.5324917118586,0.00432709029146959,0.480803566284839
"LINC00989",-6.35822441876788,-82.0382276296249,0.00439609251617912,0.480803566284839
"CXXC1P1",-5.57939043116975,-47.8149688632142,0.00444680350448692,0.480803566284839
"LENG8",1.15969828605828,2.23410700364399,0.00445860271018121,0.480803566284839
"ALCAM",4.35628482872042,20.4820019476412,0.00452555382145585,0.480803566284839
"SPON2",2.61808525667039,6.13934718058812,0.00461414798146063,0.480803566284839
"SYCP1",-6.23315538862517,-75.2257869404734,0.00462656445940074,0.480803566284839
"TBC1D29",5.56376198523437,47.2997936718864,0.00463832319606262,0.480803566284839
"PROS1",-6.48994909464257,-89.8813005381299,0.00465722069947666,0.480803566284839
"SCD",-1.99184050680077,-3.97744093529638,0.00466215261778964,0.480803566284839
"SLC45A3",2.58599879127777,6.00431135950878,0.00468878688560185,0.480803566284839
"EPHX2",-5.19087430405673,-36.5265680833657,0.00470222003349244,0.480803566284839
"ARHGAP21",-3.03601228104046,-8.20220772466725,0.00473279136178149,0.480803566284839
"MORC4",-4.28153454028094,-19.4477930364953,0.00474769209801502,0.480803566284839
"OSGIN2",1.96003525446605,3.89071486407255,0.00480385916733971,0.480803566284839
"EAF1",1.65469705379028,3.14857068011259,0.00481393801147347,0.480803566284839
"RBPMS2",-4.17857418338305,-18.108236933844,0.00483196196002624,0.480803566284839
"ANPEP",3.52471449724689,11.5091907984637,0.00492077694238696,0.480803566284839
"LINC01268",6.41946905501886,85.5958564636947,0.00492570835930283,0.480803566284839
"HERC2P2",-2.18962109629795,-4.56185659820771,0.00493204673207967,0.480803566284839
"RNF125",2.97788135537488,7.87828362075805,0.0049854388600957,0.480803566284839
"CNRIP1",-3.92464822174382,-15.1857706749128,0.00501393780662764,0.480803566284839
"GAA",1.67495279149905,3.19308905805409,0.0050175894058179,0.480803566284839
"FCRL5",-3.96805106785957,-15.6495695216613,0.00506120789419146,0.480803566284839
"RUNX2",4.94879045905164,30.8840587854964,0.00506311810865429,0.480803566284839
"GAPT",3.46682287249351,11.0565001023201,0.00507529438941537,0.480803566284839
"NCKAP1",-4.96856816386499,-31.3103594053136,0.00508525666985229,0.480803566284839
"SBNO2",1.41405672285853,2.66485442297706,0.00509369287150185,0.480803566284839
"PLEKHG1",-2.6617796994376,-6.328132025425,0.00510377140799771,0.480803566284839
"TBC1D4",-4.20526000847886,-18.446305718884,0.00513146233840264,0.480803566284839
"SLC30A1",2.78004457078862,6.86873569174457,0.00527035578182262,0.490364221518531
"SERPING1",-2.31501576042096,-4.97610097327378,0.00534395744953203,0.49178765819356
"KCNAB2",2.62899588401871,6.18595305121193,0.00535957989012147,0.49178765819356
"GJB5",-5.45623901975027,-43.9027382565808,0.00542218673089382,0.494124619551659
"TPSAB1",7.04724363568878,132.260975361603,0.00554353986382602,0.49872873999518
"IL18",4.32831181139965,20.0886931845721,0.00556197679988481,0.49872873999518
"UNC119B",1.64456714507349,3.12654036907833,0.00561485271692138,0.49872873999518
"RLTPR",2.52422521799732,5.75264410207812,0.00562264644864915,0.49872873999518
"TGIF1",3.09655019672188,8.55370941285661,0.00579470914769285,0.510586789470552
"FBRSL1",1.7695743744186,3.40953353410037,0.00589711840365817,0.516191844478105
"ARID5B",2.19288486988268,4.57218845678245,0.00608220190854087,0.52473800546583
"LY6G5B",1.59803955956424,3.02731659563978,0.00610213684510639,0.52473800546583
"PCYT1B",-5.05073759653802,-33.1454192569084,0.0061130695864114,0.52473800546583
"FTL",1.48653431105507,2.80215024334124,0.00637227585278896,0.531584319640244
"PPP1R14A",-5.82980218089079,-56.878132058009,0.00637268021072261,0.531584319640244
"HFM1",-5.70934623887074,-52.3220165126033,0.00637506239834567,0.531584319640244
"BAHCC1",2.20256391992241,4.60296642704722,0.00637914134154006,0.531584319640244
"MSRB3",2.30934638749539,4.95658471195764,0.00640647562916667,0.531584319640244
"PDZD2",-2.47209158010026,-5.54847607422043,0.00657541021860237,0.531584319640244
"HECTD2",-2.97974676879457,-7.88847687771385,0.00660666694043796,0.531584319640244
"COL2A1",-5.76720434089338,-54.4629921885375,0.00667199023500285,0.531584319640244
"TCP11L1",1.76932927457906,3.40895433675385,0.00673452743121755,0.531584319640244
"DNAAF3",-2.86506936138643,-7.285708940076,0.00674903955481516,0.531584319640244
"CASP2",1.83450879982188,3.5664995704971,0.00675808096567379,0.531584319640244
"PRRG4",3.68384768115473,12.8513470392543,0.00681127136489694,0.531584319640244
"TPST2",-2.35824396361655,-5.12745869040587,0.00682290125419126,0.531584319640244
"ZNF711",-2.97440050032926,-7.85929824508392,0.0068448241951441,0.531584319640244
"HLA-DMA",1.93126172103956,3.81388600003736,0.0068634278180363,0.531584319640244
"BACE2",-3.73450433957289,-13.3106059030498,0.00688218388995024,0.531584319640244
"PARD3B",-7.59611659740635,-193.490187907708,0.00695269256685838,0.531584319640244
"ZNF385A",-1.84497266186303,-3.5924614160728,0.0069849662249814,0.531584319640244
"EXOC8",2.80052546465487,6.9669415740346,0.00700629965305204,0.531584319640244
"S100A9",-3.01119430178265,-8.06231584071098,0.00703294213533378,0.531584319640244
"F13A1",-5.57495505124431,-47.6681936416262,0.00704968314681552,0.531584319640244
"SLC12A4",1.71058080331497,3.27292559056122,0.00707530956756498,0.531584319640244
"SERTAD2",2.02489989042692,4.06963636382559,0.00714335681874104,0.531584319640244
"MEGF6",2.77431301627918,6.84150163776595,0.00717397730404161,0.531584319640244
"HES1",-3.12720503477444,-8.73740603154857,0.0072716845336433,0.531584319640244
"NUP62CL",-6.24274223333832,-75.7273339628297,0.0073276630398236,0.531584319640244
"ABCA2",1.48771650869976,2.80444736987675,0.0073840137941112,0.531584319640244
"ITGB3",-6.23813183911957,-75.4857197700608,0.00739465409820674,0.531584319640244
"LHFP",-3.53167862353207,-11.5648818625287,0.00741948114423102,0.531584319640244
"DUXAP8",-6.48092205697617,-89.320663136457,0.0074673230237156,0.531584319640244
"UBXN11",1.25776452694647,2.39124926801203,0.00746841722477817,0.531584319640244
"CTSH",-3.14178173864728,-8.82613453777983,0.00752828667796709,0.531584319640244
"RAB44",4.00557856354772,16.0619880188477,0.00753414610390807,0.531584319640244
"MED12L",-2.69940416695796,-6.49533604308068,0.00755258287606904,0.531584319640244
"LAIR1",2.55117682252231,5.86112181715105,0.00759120787160063,0.531584319640244
"CSF3R",2.73317580859227,6.64917712028323,0.00770503622065613,0.531739574137757
"ING5",-1.42340547228337,-2.68217890890394,0.00770812660527675,0.531739574137757
"GCC1",1.42924541283009,2.69305820821352,0.0077244592796528,0.531739574137757
"H3F3B",1.82037593114895,3.53173214855143,0.00775328653759676,0.531739574137757
"KCNK6",-4.17490876684816,-18.0622882177635,0.00792374901538971,0.537907685697048
"LRP6",-3.77163180509331,-13.6575973854639,0.0080067866217685,0.537907685697048
"TMEM259",1.11056280489878,2.15929866544869,0.0080936559358266,0.537907685697048
"PARP8",2.91156192680816,7.52432375831995,0.00810607415143887,0.537907685697048
"NXN",-5.14670588511976,-35.4252440034685,0.00819635159109005,0.537907685697048
"TLR2",1.97007526074566,3.91788556846648,0.00822661000291108,0.537907685697048
"ST3GAL6",3.02967928376187,8.16628141045976,0.00826758774115464,0.537907685697048
"DOK6",-7.49384948449162,-180.249254767091,0.00829414903205691,0.537907685697048
"FCRL2",-3.78870929043589,-13.8202258798976,0.00829582294567805,0.537907685697048
"SLC22A23",-2.72324338822039,-6.60355721971906,0.00832721806811025,0.537907685697048
"CMPK2",1.9376287477948,3.83075496859981,0.00836818860322145,0.537907685697048
"OBSCN",-2.03025295910889,-4.08476465407105,0.00840898058533858,0.537907685697048
"ULK2",-2.02378605444641,-4.06649560440612,0.00842300660476097,0.537907685697048
"MEDAG",4.8653530558013,29.1485670288273,0.00844572753415464,0.537907685697048
"PSTPIP2",-1.72195887176846,-3.29884015003621,0.00844965849760864,0.537907685697048
"SLC13A3",-6.45916821505893,-87.9839346512327,0.00859367857421667,0.544470921095013
"IBTK",-1.29041469641434,-2.44598354167409,0.00869665919730641,0.548384126161904
"EXOC4",-1.2154891853121,-2.32219509920971,0.00876260904585471,0.548731085098187
"RNF220",1.38981541716616,2.62045151765397,0.00882856052738185,0.548731085098187
"PDE4B",3.14958034461567,8.87397411334319,0.00885343998999609,0.548731085098187
"LGMN",-2.91426999768737,-7.53846086812954,0.00886713140143632,0.548731085098187
"RIPK2",1.44040804225143,2.7139761492822,0.00907099551218915,0.556811496879393
"FNDC3B",2.15118458369271,4.44192361415196,0.00910901923449272,0.556811496879393
"S100A8",-2.92554587889154,-7.59761116548549,0.00916641864428202,0.556811496879393
"RGS1",2.67471633251271,6.38513150166986,0.00923058264735607,0.556811496879393
"SLC24A4",-1.95747583925684,-3.88381865470407,0.00923310664278846,0.556811496879393
"ANXA5",-3.08405631416697,-8.4799532672653,0.00927042977779403,0.556811496879393
"VAT1",1.60951095191108,3.05148384355593,0.00936519732381435,0.556811496879393
"CMAHP",2.52343346864071,5.74948792383378,0.00937383021137878,0.556811496879393
"HEXB",1.88805265378542,3.70135279730387,0.00941293743613103,0.556811496879393
"CLEC11A",-2.33379483214338,-5.04129658489469,0.00945173299175112,0.556811496879393
"CR1",-2.42144920903605,-5.35708879415528,0.00945805323523057,0.556811496879393
"PTK2",-3.45201577407542,-10.9436020852397,0.00974663603084249,0.566220848245755
"BNIP3",-2.88796371985119,-7.40224927402549,0.00986512873166117,0.566220848245755
"TMEM263",-2.27610713168165,-4.84369200544064,0.00986680127135916,0.566220848245755
"PKP2",-5.6321331960351,-49.5953582345015,0.00987773173965164,0.566220848245755
"PRDM5",-4.8578766301627,-28.997902207725,0.00989618869360392,0.566220848245755
"MAD2L1BP",1.90422824135791,3.74308611887755,0.0099293074290439,0.566220848245755
"CCNA1",7.28195598464548,155.62780010795,0.00993077195211619,0.566220848245755
"CTSE",5.66616539718579,50.779187189789,0.00995833735358937,0.566220848245755
"MFSD10",1.15610713240024,2.22855278452846,0.010019249453794,0.567260059500974
"RPLP1",1.07513840882346,2.10692419564525,0.0101863670048107,0.569857468498039
"MIR155HG",2.16410137266161,4.48187176969692,0.0102478219959764,0.569857468498039
"DMXL2",2.1014989485048,4.2915504208278,0.0102553671846528,0.569857468498039
"SPRY2",2.09990434648953,4.28680961683822,0.010294804733605,0.569857468498039
"ATP8A1",-1.66604105334971,-3.17342567452392,0.0103084382121779,0.569857468498039
"PRKAB2",1.2335013275821,2.35136960124787,0.0103306420105988,0.569857468498039
"LINC00623",2.40439119558777,5.29412109835226,0.0103649385476532,0.569857468498039
"DYSF",1.84460622197547,3.59154905833202,0.0105414623120381,0.570168722468597
"CDC14B",-3.87431229524791,-14.6650724691889,0.0106732030376343,0.570168722468597
"FNBP1L",-2.20163753261827,-4.60001170634448,0.0107158758679633,0.570168722468597
"ATP13A3",1.70657691691303,3.26385488991499,0.0107400205167092,0.570168722468597
"PANX2",5.29715939693917,39.3191273292592,0.0109696665235906,0.570168722468597
"RBFOX2",-4.14053695249112,-17.6370449132996,0.011018757864309,0.570168722468597
"AGAP1",-4.8146489553711,-28.1419219464504,0.0110750432376279,0.570168722468597
"PLEKHG3",-4.79404255852058,-27.7428204146958,0.0111304082677946,0.570168722468597
"EXOC3L2",-5.51095372395861,-45.599740967104,0.0111448551726203,0.570168722468597
"FKBP9",-3.49931672273146,-11.3083514628086,0.0111607125056657,0.570168722468597
"DUSP6",2.66792791159783,6.35515763912699,0.011180573488841,0.570168722468597
"SGPP1",-2.73754245996869,-6.66933288570919,0.0112282857745654,0.570168722468597
"ADPRHL1",-4.06433037806578,-16.729592251734,0.0112526549667594,0.570168722468597
"RBM41",-1.81840098862179,-3.52690077678686,0.0112539612519711,0.570168722468597
"ATP13A2",-1.67985350141915,-3.20395414806454,0.0113037855529899,0.570168722468597
"PIK3R1",2.05339526425757,4.15081681594717,0.0113423043064626,0.570168722468597
"VNN2",-2.60296023092508,-6.0753192857789,0.0113755063559388,0.570168722468597
"LRRK2",-3.14063238155629,-8.81910578934554,0.0114446408557006,0.570168722468597
"LIF",5.77983801417991,54.9420186950267,0.0114489604488503,0.570168722468597
"ZBTB39",1.43808409219403,2.70960788871647,0.0114845247095203,0.570168722468597
"CRLF2",6.50866531211673,91.0549354196505,0.0115241255624449,0.570168722468597
"SYNGAP1",-1.45353253983643,-2.73877840074435,0.0115872487397753,0.570168722468597
"TFEC",4.59760121334788,24.2111753615949,0.011593342762114,0.570168722468597
"LCAT",1.65614698284129,3.15173662910737,0.0115950568190353,0.570168722468597
"AGRN",3.15785071193412,8.92499098522483,0.0116451269976754,0.570168722468597
"RGS2",2.12480281385825,4.36143477329811,0.0116840590007908,0.570168722468597
"EIF4E3",2.75109361236141,6.73227268206028,0.0116999716244103,0.570168722468597
"ADCY3",2.01185669281474,4.03300918889431,0.011753430949959,0.570168722468597
"GNB3",-2.44715387383678,-5.45339204172649,0.0117928305172522,0.570168722468597
"NCOA7",1.36913067436862,2.58314866275491,0.0118429337787152,0.570168722468597
"GP1BA",-4.25390971990256,-19.0789480090676,0.0119296014604901,0.570168722468597
"SYTL1",1.48927191828022,2.80747255292647,0.0119577008903869,0.570168722468597
"BCL3",2.44074069852774,5.42920401880794,0.0119668260320352,0.570168722468597
"ZNF805",1.63704564829036,3.11028255437312,0.0120614945241275,0.570168722468597
"LOC100130872",2.40312528324361,5.28947773742965,0.0120673460829557,0.570168722468597
"CCDC50",-2.67746279089431,-6.39729845320485,0.0120814070719735,0.570168722468597
"NR2F6",-1.56582597785697,-2.96046947387756,0.0120875338579673,0.570168722468597
"FCGR3B",-5.04351126076908,-32.9798117966371,0.0121384676516108,0.570168722468597
"RAMP3",-5.5334833896365,-46.3174328748657,0.012143310714157,0.570168722468597
"SLC18A2",-2.08983381608953,-4.25699033924019,0.0121961397628341,0.570168722468597
"PLP2",1.6477674399292,3.13348359467518,0.0122031968394239,0.570168722468597
"NXF3",-6.08331152162197,-67.8046129118653,0.0122767800856706,0.570168722468597
"ANXA1",3.43397077075184,10.807573710776,0.0123155033158074,0.570168722468597
"SMIM3",2.51517395285296,5.71666580398744,0.0123171824967882,0.570168722468597
"FANCE",-2.35272667498964,-5.10788723308803,0.0123321857510204,0.570168722468597
"SLC27A2",2.02943713902268,4.082455440469,0.0123575072743658,0.570168722468597
"RPS24",0.911061006800882,1.88042792041337,0.012395632700849,0.570168722468597
"PLEKHG4",-3.58501159232716,-12.0004083394469,0.0124275783176169,0.570168722468597
"GRAMD2",-5.04972729389803,-33.1222160288381,0.0125870679999017,0.574839604886198
"TSPYL2",1.60539573792856,3.04279204396207,0.0126916687182899,0.574839604886198
"ZNF229",-5.2374262225405,-37.7244045114537,0.012753915560717,0.574839604886198
"AIG1",-1.79964254216132,-3.48133957170054,0.0127712776213472,0.574839604886198
"MXD1",1.4732368942372,2.7764412994074,0.0129028682102051,0.574839604886198
"SLC22A16",4.03528673210061,16.3961675427984,0.0129159813982055,0.574839604886198
"BAG4",1.7924083973593,3.46392668986231,0.0130348763016193,0.574839604886198
"SYCP2",-5.84006743302394,-57.284282002038,0.0130560362008378,0.574839604886198
"SARDH",-3.19157753566528,-9.13609426090306,0.0131043941502603,0.574839604886198
"MAMDC2",5.06305912079811,33.4297143137065,0.0131454605084015,0.574839604886198
"RPL34",1.04362259140217,2.06139730611997,0.0131718181755226,0.574839604886198
"C3orf52",-4.84497934641551,-28.7398244907648,0.0132346978806593,0.574839604886198
"SLC25A28",1.19902824058821,2.29584976826326,0.0133780708039034,0.574839604886198
"HIGD1A",-1.76662647344964,-3.40257384740481,0.0134177890688679,0.574839604886198
"EREG",1.40596695367136,2.64995333364491,0.0134526186409708,0.574839604886198
"EFHC2",-3.18305244071219,-9.08226694368677,0.0134604096252734,0.574839604886198
"PTGDR2",-3.34122611743297,-10.1346623379106,0.0135183600619656,0.574839604886198
"TUBA8",-4.78777211659803,-27.6225023694099,0.0135243692245661,0.574839604886198
"SYNGR1",3.49495967965298,11.2742509447021,0.0135694698609289,0.574839604886198
"PTX3",3.76849578479786,13.6279417865682,0.0136032498376716,0.574839604886198
"ABR",1.47456469146637,2.77899779815136,0.0136393917861617,0.574839604886198
"PPFIA4",-3.63388564456098,-12.4139096389873,0.0138519029832054,0.574839604886198
"KIAA0754",-2.66375853646052,-6.33681780689031,0.0138626022333723,0.574839604886198
"BBS7",-1.65107893252217,-3.14068430265852,0.0139550862188893,0.574839604886198
"SYDE1",-4.09262653707021,-17.0609554412005,0.0139894492238969,0.574839604886198
"CBX8",2.73383993070556,6.65223866966054,0.0140270972343566,0.574839604886198
"TANC2",-2.10527889508359,-4.30280928047765,0.0140773009135715,0.574839604886198
"CRYM",-4.53974394485675,-23.2594317360904,0.0140787606967001,0.574839604886198
"MCL1",1.2082055961762,2.31050081144334,0.014088899145499,0.574839604886198
"RPL13",0.847609789012701,1.7995170718155,0.0141011825562904,0.574839604886198
"XIST",7.46546479184029,176.737551451064,0.0141458582917213,0.574839604886198
"CHST11",1.54328793504895,2.91457986558692,0.0141888165479954,0.574839604886198
"PCDHGB5",-4.65272631604445,-25.1541810656412,0.0142751366800817,0.574839604886198
"PLVAP",-3.20889143020342,-9.24639778999136,0.0142801807662434,0.574839604886198
"ATP6V1B2",1.40455225437616,2.64735607674846,0.0143279599249399,0.574839604886198
"ADAM28",3.14949756383494,8.873464945841,0.0143384620212527,0.574839604886198
"TENM1",2.32890936274966,5.02425386613794,0.0143856788833097,0.574839604886198
"LOC100996351",2.75966357719154,6.77238305921711,0.0143901280731988,0.574839604886198
"CDCA7L",2.28358739990906,4.8688714143713,0.0144794462194296,0.574839604886198
"HERC2",-1.56393745877519,-2.95659669049397,0.0145985877717702,0.574839604886198
"RPL10",0.819333296632978,1.76459034536014,0.0146300729313553,0.574839604886198
"MS4A1",-3.10588726418749,-8.6092482237141,0.0147327763803329,0.574839604886198
"ARHGAP23",2.82791600772713,7.10047730338362,0.01478930994613,0.574839604886198
"LRRK1",2.24749859802256,4.74858802770594,0.0148053261659065,0.574839604886198
"MAN2B1",1.05788538682812,2.08187779652142,0.0148394452110355,0.574839604886198
"ICAM3",1.90696282779714,3.75018775796734,0.0148538458477676,0.574839604886198
"FAM127A",-3.92334320032584,-15.1720402642389,0.0149196356040641,0.574839604886198
"PROK2",7.07633418898408,134.954959818109,0.0149610328802451,0.574839604886198
"ASB13",2.03298869595054,4.09251781242075,0.0150652989254494,0.574839604886198
"WRAP73",1.24599874930271,2.3718269426432,0.0150679911894506,0.574839604886198
"MIR4740",4.86912977580973,29.2249727776517,0.0152795139243185,0.574839604886198
"ZFAS1",1.54456653850306,2.91716408722148,0.0153877439858002,0.574839604886198
"HEBP1",1.92452728632949,3.79612444130566,0.0153959025998642,0.574839604886198
"RNASE1",-3.1373449025938,-8.79903251248462,0.0154198368286458,0.574839604886198
"BHLHE41",4.29783197497783,19.6687310028621,0.0154569582154232,0.574839604886198
"TUBAL3",-3.64707801429012,-12.5279461753039,0.0154969038807164,0.574839604886198
"FTH1",1.75461263513733,3.37435704509924,0.0155237852039247,0.574839604886198
"TSPYL1",1.90442613435044,3.74359958935974,0.0155448004738088,0.574839604886198
"FAM129A",2.59311390719529,6.03399669883768,0.015551512712394,0.574839604886198
"ARMC8",-1.33875683169376,-2.52933272613971,0.01556300074816,0.574839604886198
"DSG2",-6.45345502696388,-87.636200194544,0.0155914101675279,0.574839604886198
"CIRBP-AS1",2.73413990584295,6.6536219929731,0.0155927995868926,0.574839604886198
"TJP2",-2.64566456317989,-6.25783909279815,0.0156304947009291,0.574839604886198
"RPS21",1.00967771563448,2.01346126175393,0.0156957033078038,0.574839604886198
"FOSL2",2.54132012762606,5.82121429285186,0.0157407643040592,0.574839604886198
"SUCNR1",3.98126906811595,15.7936100278906,0.0157715764781691,0.574839604886198
"PHLDA1",4.78931886717673,27.6521330480033,0.0158088682135197,0.574839604886198
"FKBP7",-2.84558213542102,-7.18795877907674,0.0158210977225669,0.574839604886198
"GALNT12",-2.53571078610782,-5.79862477747495,0.0158867496360643,0.574839604886198
"LRRC57",1.39938649434384,2.63789381940007,0.015900034621637,0.574839604886198
"SLC2A10",-3.57242525314055,-11.8961699096124,0.0160873229347234,0.574839604886198
"SLC12A7",2.7430612815196,6.69489431520661,0.0160878876718936,0.574839604886198
"GGT5",3.01333141721021,8.07426768580613,0.0160922058958151,0.574839604886198
"TMEM205",1.53689575830444,2.90169474661163,0.016107456867905,0.574839604886198
"U2AF1L4",1.38324868312683,2.60855107817065,0.0161208080981027,0.574839604886198
"DCUN1D3",2.45958344867969,5.50057885357086,0.0161413052582042,0.574839604886198
"CNKSR3",2.80611566622343,6.993989674952,0.0161457530516154,0.574839604886198
"UBQLN2",1.1076598794715,2.15495819107673,0.016149144191985,0.574839604886198
"NR1H2",1.15960010234955,2.23395496496558,0.0161709346081059,0.574839604886198
"MAMLD1",2.85099729782333,7.21498951332569,0.0162143655276216,0.574839604886198
"MYLK",-6.5573686727759,-94.1812961716535,0.0162249315930626,0.574839604886198
"NOCT",2.10463170398128,4.300879478766,0.0162542184609653,0.574839604886198
"AMN",3.61548197485005,12.2565579577168,0.016316445440791,0.574839604886198
"FUT4",2.44595308504755,5.44885494454665,0.0164013481888894,0.574839604886198
"PCGF1",1.61011323900165,3.05275802344725,0.0164898228695655,0.574839604886198
"ZNF154",-3.08476025773813,-8.48409195562292,0.0165033484092098,0.574839604886198
"BMPR2",-2.5544483717925,-5.87442796008785,0.0165064808827442,0.574839604886198
"CCDC154",2.45617437629732,5.4875963914882,0.0165914747717927,0.574839604886198
"ZNF598",1.26081646154329,2.39631316632898,0.0165926252774165,0.574839604886198
"CD99",2.08656415475236,4.24735340584427,0.016616337250147,0.574839604886198
"SPRTN",2.10630570553044,4.30587281229927,0.0166606846233335,0.574839604886198
"ZFYVE9",-2.91703977208007,-7.55294756927426,0.0167124835005085,0.574839604886198
"RPS4X",1.10506467887626,2.15108521616398,0.0167377552340389,0.574839604886198
"SLC2A4RG",1.31743782791255,2.4922310566291,0.0167825226801307,0.574839604886198
"BAMBI",-3.89724226466117,-14.9000189938994,0.0167836025225864,0.574839604886198
"MPL",-3.11574376617142,-8.6682680463972,0.0168108445111989,0.574839604886198
"ACTN1",-2.36082230056278,-5.1366305086375,0.0168174500346903,0.574839604886198
"KLF9",-1.78490571525594,-3.4459594269978,0.0168222623800283,0.574839604886198
"TOB1",2.50471248730969,5.67536227702965,0.016935595116901,0.574839604886198
"STAR",2.28142570711604,4.86158150021524,0.0169787111079818,0.574839604886198
"LCP2",-1.71217308528262,-3.27653986606302,0.0169799828278628,0.574839604886198
"NREP",-2.18981271115421,-4.5624625319104,0.0170439933056187,0.574839604886198
"ST6GAL1",-1.27560090091844,-2.42099634437852,0.0170932458039391,0.574839604886198
"KIAA1211",-2.10266023601518,-4.29500626569321,0.0170934157133347,0.574839604886198
"SPATA2",1.33783824042905,2.52772276467509,0.0171232476834883,0.574839604886198
"C1QTNF4",5.63920482365464,49.8390555228602,0.0171438161671533,0.574839604886198
"IFFO2",2.21267295822695,4.63533291377786,0.017207032199274,0.574839604886198
"MAPK8IP3",1.23537021374349,2.35441757016853,0.0172263587781054,0.574839604886198
"SELO",1.29471403735987,2.45328363066435,0.0172740084861174,0.574839604886198
"CD177",-5.41707474080572,-42.726959177163,0.0172989691888464,0.574839604886198
"RPS16",0.946605696225781,1.92733278310835,0.0173649519898808,0.574839604886198
"CHCHD7",-1.1941336800163,-2.2880739493491,0.0174415267702939,0.574839604886198
"IL6",2.85996604719315,7.259982381979,0.0174656814885264,0.574839604886198
"MIPOL1",-5.61787018751326,-49.1074562256084,0.0175241287147233,0.574839604886198
"TBCC",1.11584549537448,2.16721982405549,0.0175457943709546,0.574839604886198
"NEAT1",1.20242552200775,2.30126244254223,0.0175510237655925,0.574839604886198
"PXN",1.88738289439503,3.69963487329324,0.0175843456737078,0.574839604886198
"P4HA1",-1.08557601819341,-2.12222264364868,0.0176954424506201,0.575052071561631
"C6orf25",-4.27553954041323,-19.3671470167023,0.0177451270074918,0.575052071561631
"PIWIL4",1.77267829704411,3.41687695776334,0.0177567450405036,0.575052071561631
"FAM189B",-1.73872351999149,-3.33739748001264,0.0178341017847577,0.575052071561631
"PAK6",3.44487849198513,10.8895957396261,0.017856476806583,0.575052071561631
"CD59",2.28221152401174,4.86423026062563,0.0178979097435809,0.575052071561631
"NCAM1",-7.44529797833882,-174.284200349363,0.0178997839161366,0.575052071561631
"RPL30",0.970560452782454,1.95960170608114,0.018024542427407,0.575052071561631
"FRY",2.48928988547487,5.61501503431116,0.018096154992882,0.575052071561631
"WDR91",1.70403030536063,3.2580986914284,0.0181023991338296,0.575052071561631
"PAFAH1B2",1.63027359367491,3.0957170053133,0.0181549042561119,0.575052071561631
"TERT",-5.99666634957772,-63.8522852636784,0.0181569792776687,0.575052071561631
"S100A12",-3.71362320644944,-13.1193397092735,0.0181850944664128,0.575052071561631
"CEP55",-2.63902854929743,-6.22912079450424,0.0181959355225439,0.575052071561631
"CAMK2D",-2.87977447455235,-7.36035052793233,0.018248108574279,0.575334323651142
"ACBD7",-3.27110490578642,-9.65385331363695,0.0184114547784059,0.57815344630419
"MMRN1",-5.15141671916463,-35.5411071611669,0.0184328072923881,0.57815344630419
"PRDM1",2.43681837470774,5.41446342993556,0.0184926302395425,0.57815344630419
"SESTD1",-2.67826473743087,-6.40085548870883,0.01851133920523,0.57815344630419
"PAPSS1",-1.74680262292619,-3.35613935901822,0.0185811252496823,0.578403623202086
"MTERF2",-3.13408956807794,-8.77920053037773,0.0186062946809841,0.578403623202086
"EPAS1",2.35355334187685,5.1108149004791,0.0186710351062624,0.57895088077846
"PANX1",-1.62124141121744,-3.07639640366476,0.0187519990845234,0.57895088077846
"IRF2BPL",1.72720366766874,3.31085463020109,0.0187544404070287,0.57895088077846
"HIST1H2BG",-2.65294689172867,-6.28950680448927,0.0188043496749598,0.579147852836437
"MMP9",-2.36205254083338,-5.1410125745916,0.0189632568971452,0.582030585623514
"ICAM2",-1.87446089569293,-3.66664576961981,0.0190123386271783,0.582030585623514
"CYBRD1",1.14749194121288,2.21528442485748,0.0190295149386232,0.582030585623514
"MAFG",1.6864893011904,3.21872495414986,0.0190735877486292,0.582030585623514
"PRKD3",-1.81675562901404,-3.52288072260473,0.019116675378991,0.582030585623514
"SUSD3",-3.0229150105874,-8.12808230312124,0.0192747821680885,0.585504513119673
"FCN1",-2.51693960636268,-5.72366647278546,0.0193725759050027,0.585987396736137
"LBH",1.93603377324338,3.82652220954741,0.0193787639657197,0.585987396736137
"CASP8",2.12397474431312,4.35893214111968,0.019441658036902,0.586556145535106
"CDKN1B",1.85451176950707,3.61629349304803,0.0195748942316892,0.588578785380875
"RETSAT",-1.48650440890446,-2.80209216492003,0.0196931949444323,0.588578785380875
"FAM45A",1.70641903659502,3.26349773179166,0.0197739839338707,0.588578785380875
"MARCH4",-7.31701678595306,-159.456244477196,0.0198377805491871,0.588578785380875
"ZBTB18",2.12695682379469,4.3679514593122,0.0198770997974741,0.588578785380875
"SMIM10",-2.37639805233835,-5.19238749583194,0.0198886316750144,0.588578785380875
"ESAM",-4.37097366962825,-20.6916052679296,0.0198954808109037,0.588578785380875
"SIRPA",2.27078431997897,4.82585416941299,0.0200135851030963,0.588578785380875
"MBOAT2",-2.05308585164355,-4.14992669202476,0.0200583471285322,0.588578785380875
"TOP1MT",2.54952408639329,5.8544112227221,0.0200610281753987,0.588578785380875
"TNNI3",-3.27031439120089,-9.648565001693,0.0201324155509733,0.588578785380875
"SOCS1",2.97719100596564,7.87451465556856,0.0201401540035812,0.588578785380875
"RUFY1",-1.57149548937548,-2.97212643414832,0.0201647518969232,0.588578785380875
"P2RX4",1.3496431000322,2.54849072029521,0.0202105659369729,0.588578785380875
"ZNF334",-4.74542196325881,-26.8234325506169,0.0202362321599017,0.588578785380875
"MRPS12",-1.6592050026012,-3.15842431745835,0.020238335803815,0.588578785380875
"ASMTL-AS1",1.32187948446198,2.49991576597086,0.0202607353404315,0.588578785380875
"DNAJC12",-4.33805231194125,-20.2247829100413,0.0203403233940075,0.588615167523751
"LIME1",1.48685686458824,2.80277680992857,0.0203504680241207,0.588615167523751
"HINT1",0.932866696052511,1.90906562388766,0.0205911809474321,0.591428190662585
"RASGRP2",-1.13825290819496,-2.20114305101741,0.0206442450852677,0.591428190662585
"C9orf9",2.84897751758456,7.20489555953333,0.0206573750873105,0.591428190662585
"GIGYF1",0.896445973164494,1.86147465490561,0.0206809547204092,0.591428190662585
"ASIC4",-5.67249410279307,-51.0024307877767,0.0206984108617625,0.591428190662585
"RAB7B",5.00488809782971,32.1086053622122,0.0207263463383459,0.591428190662585
"MTCH1",1.30315327410976,2.46767649538725,0.0207712055084193,0.591428190662585
"GNG11",-3.41520050723027,-10.6678719454441,0.0208294634882075,0.591428190662585
"GRAMD3",-1.94895998001821,-3.86096099595682,0.0208477881563888,0.591428190662585
"LOC729218",1.22970651541208,2.34519277202537,0.0209902272131935,0.594202070364976
"BTG2",2.28221511003032,4.86424235135946,0.0211260689792519,0.596395469996244
"SLC25A4",-2.59256776816707,-6.03171293315341,0.0211573590257969,0.596395469996244
"SLC39A3",-1.00443079607616,-2.00615182951054,0.0213070478183456,0.599345182289827
"METRNL",2.96349806615103,7.80012944559884,0.0214012300394836,0.599518273177423
"SLC37A3",-1.73507390638353,-3.32896547072575,0.0214900689787655,0.599518273177423
"TIGD1",1.59034728857443,3.01121827435856,0.0215094007901568,0.599518273177423
"PPFIA3",-3.96662322185714,-15.6340886884276,0.0215198972178728,0.599518273177423
"GPHN",-4.35249479499368,-20.4282652953848,0.0215384994046455,0.599518273177423
"RAPGEF4",-4.62956295093677,-24.7535399400155,0.0215859092272422,0.599583553796363
"SEMA6B",3.78231401241441,13.7590982155563,0.0216946618059531,0.601348906933761
"MPPED2",-6.12656840063899,-69.86840983602,0.0217773901458914,0.601729279975001
"CFL2",1.3079315908089,2.47586317930763,0.0217988359975912,0.601729279975001
"ARMC4",-4.44307141173189,-21.7519285391045,0.0219664405042868,0.605100395257839
"MEIS3P1",-5.50999051069934,-45.5693065268274,0.0220211000222776,0.605352759909925
"ZMYM6",1.35280465817027,2.55408167068825,0.0220744331395158,0.605567696744863
"DGKA",1.48290309958176,2.79510620059062,0.0221272479429979,0.605767559427135
"EEF1A1",0.780678810877468,1.71793900026406,0.0221762689559318,0.605862953713907
"KAZN",-6.35507669493391,-81.8594288051294,0.0222987579074566,0.607090384344945
"MIDN",1.68243987979078,3.20970315933513,0.0223124538101975,0.607090384344945
"FAS",2.41593117183575,5.33663807205247,0.0224175764725856,0.608553019506299
"LHFPL2",1.96093126882874,3.8931320202225,0.022476953487454,0.608553019506299
"GAS6-AS1",2.98254417357857,7.90378757784268,0.0225588390437822,0.608553019506299
"PRKAR2B",-2.05777699649713,-4.16344277995281,0.0225642891903039,0.608553019506299
"MCU",-1.39286553449966,-2.62599748496797,0.0226225010834731,0.608553019506299
"IDS",2.08066424225045,4.23001928947683,0.0226406422138758,0.608553019506299
"LPCAT2",2.71617085728577,6.57126378975105,0.0227936787403147,0.610828906634407
"LINC00672",1.41540813312403,2.66735183148645,0.0228171339043442,0.610828906634407
"SAT1",1.70322021334897,3.25626974021582,0.0229072478226671,0.612009904177883
"CYBB",-2.1250169916558,-4.36208230573515,0.0229627034657016,0.612262063349017
"GAB2",3.15927323531442,8.9337955276195,0.0230335781643046,0.612923514952146
"PLTP",-1.29832900554123,-2.45943854370867,0.0230972563852635,0.613391209991879
"GP9",-6.5510667779691,-93.7707962398652,0.0232367031379395,0.614228693200664
"FOCAD",-1.50926065912691,-2.84664119330284,0.0232460214179164,0.614228693200664
"CD74",2.29078343054527,4.89321756644957,0.0232679205812387,0.614228693200664
"ANXA2",1.71118211574851,3.27429002378702,0.0233625078570534,0.614228693200664
"RRAGD",2.23225079922185,4.6986646333548,0.0233912547761696,0.614228693200664
"EIF1AD",1.46826628307038,2.76689190542878,0.023405783348571,0.614228693200664
"PDIA4",-1.09306459361833,-2.13326707204545,0.0234912623227684,0.61525835670164
"PLEKHH3",1.9988538732703,3.99682352387316,0.023597794142951,0.616075562606453
"IL12A",2.48690484578719,5.60574005264331,0.02364643578436,0.616075562606453
"TK2",1.47615989746108,2.78207227028682,0.023760348822633,0.616075562606453
"GLIPR2",1.39513516381287,2.6301319217606,0.0237956800771763,0.616075562606453
"TMEM117",-3.45379698411583,-10.9571218462766,0.023806343771087,0.616075562606453
"RWDD2B",-1.85353161348294,-3.61383744519283,0.0238525615537299,0.616075562606453
"FCER1G",-1.88065857943206,-3.68243122102312,0.0238752586429971,0.616075562606453
"EEPD1",1.80597389253159,3.49665120455639,0.0238963856152825,0.616075562606453
"IRF2BP2",1.0102843634168,2.01430809259524,0.0239392007416412,0.616075562606453
"TMSB4X",-1.3860481254142,-2.61361769137852,0.0240706902978169,0.617821460343898
"GK5",1.30557287489688,2.47181860549849,0.0240999126582851,0.617821460343898
"TMEM158",3.79925506845536,13.9216187676978,0.0242002903438769,0.61856768025941
"RRAS",-2.51535153148584,-5.71736950099121,0.0242353133640122,0.61856768025941
"TLE3",1.34661101915497,2.54314023708856,0.0242684952345293,0.61856768025941
"NDRG1",1.53268378956433,2.89323556179383,0.0243257435411058,0.618841334253178
"TEX15",-6.97536914776393,-125.833229913027,0.0244656748487872,0.619915422849035
"TPT1",1.08807369765711,2.1258999439774,0.0245192104768865,0.619915422849035
"EGLN1",2.8224412366249,7.07358331603457,0.0245675260532582,0.619915422849035
"PPP2R3A",-3.1233312760189,-8.71397682281202,0.0245832392476458,0.619915422849035
"SPC25",-1.90982644290643,-3.75763892340931,0.0246833005070997,0.619915422849035
"KRR1",1.17886247688586,2.26398198266254,0.0248768273149535,0.619915422849035
"SYCP2L",-3.8535865860242,-14.4559005988094,0.0249063018388174,0.619915422849035
"AKR1C3",1.95447603726874,3.87575140395374,0.0249322431403929,0.619915422849035
"ZBTB7A",1.62863448312081,3.09220181961036,0.0250485017376139,0.619915422849035
"CRAMP1L",1.38565861357826,2.612912138521,0.0251440234926937,0.619915422849035
"LOC100420587",-4.72444452065876,-26.4362295077289,0.0252058143372977,0.619915422849035
"IER5L",2.35478634777179,5.11518474882697,0.0252182444335228,0.619915422849035
"AAK1",1.31172805349922,2.48238701160168,0.025232852947486,0.619915422849035
"CRIPT",1.11085170702336,2.15973111196,0.0253770931849323,0.619915422849035
"ARL15",-2.16713026325478,-4.4912911958903,0.0253789216482626,0.619915422849035
"H2AFJ",1.68286831953088,3.21065649220253,0.0254192107885856,0.619915422849035
"PDE5A",-5.10544003282544,-34.4263191794366,0.0254412273054544,0.619915422849035
"RPS29",0.929581231493041,1.90472303529247,0.0255287978042323,0.619915422849035
"EPM2AIP1",1.07782960774414,2.11085811362,0.0255538635470811,0.619915422849035
"MEFV",-2.67853829901876,-6.40206932404192,0.0255771753414161,0.619915422849035
"COL4A5",6.40278029124574,84.6114082339375,0.0256281072245112,0.619915422849035
"RNF175",2.98112485709527,7.89601569301219,0.0257974016998599,0.619915422849035
"NEO1",-3.907882502022,-15.0103166031257,0.025845789204625,0.619915422849035
"BMF",2.39388820838742,5.25571923743023,0.0258506824939707,0.619915422849035
"PFDN5",0.956224979290817,1.94022636328954,0.0258718822073054,0.619915422849035
"HSPA7",-3.95980416569134,-15.5603668199374,0.0258772709171289,0.619915422849035
"RXFP2",4.85346269069942,28.9093184253812,0.0258831459422121,0.619915422849035
"IL7",-3.9701815974915,-15.6726974190468,0.0259295783037744,0.619915422849035
"OAF",1.95316172659953,3.87222216065291,0.0261176705454869,0.619915422849035
"SPATA13",1.42234136808285,2.68020131457521,0.0261530033684325,0.619915422849035
"EIF5",1.06078031132785,2.08605950485775,0.0261622492842891,0.619915422849035
"DLC1",-1.70675066513711,-3.2642479897207,0.0261659775977195,0.619915422849035
"LINC00294",1.61914901553534,3.07193782254839,0.0262496618139918,0.619915422849035
"CCDC68",-5.81583173170304,-56.3300064517234,0.0262521430989188,0.619915422849035
"RPS18",0.95858129624928,1.94339787471735,0.0262662275462289,0.619915422849035
"YIF1B",-1.37676148242866,-2.59684783887401,0.0263008379081455,0.619915422849035
"CEBPB",1.99287941772196,3.98030619434608,0.0263438682688098,0.619915422849035
"SOX4",1.60771478877912,3.04768709363743,0.0263932337204751,0.619915422849035
"RPS27",0.916326079741669,1.88730302418274,0.0264723163144154,0.619915422849035
"EEF1B2",0.870572193689116,1.82838792172831,0.0265072001862562,0.619915422849035
"SLC12A2",1.77854854524254,3.43080836941157,0.0266193938206956,0.619915422849035
"CCDC159",1.20371623508363,2.30332219773629,0.0266200623216607,0.619915422849035
"REEP4",1.85751418147821,3.62382724644672,0.0266496954139548,0.619915422849035
"ST6GALNAC1",4.88167087008515,29.4801277282727,0.0266530401750892,0.619915422849035
"RPS20",0.89782307112575,1.86325233952205,0.0266647779590188,0.619915422849035
"RPS2",0.808408573187027,1.75127855362149,0.0266914091550119,0.619915422849035
"TMEM55B",1.54231092089395,2.91260673771987,0.0267392564247235,0.619915422849035
"LOC101927851",4.44317493213203,21.7534894019841,0.0268117889659406,0.619915422849035
"MARVELD1",-3.43320882415057,-10.8018672935225,0.0268150453669582,0.619915422849035
"PPP1R13B",-4.06381995088327,-16.7236743494903,0.0269057247861382,0.619915422849035
"ARHGEF40",2.44211721754846,5.43438665881251,0.0269187263584109,0.619915422849035
"STX11",1.60458863574955,3.0410902586242,0.027086793356948,0.619915422849035
"FAM127B",-2.93719221105353,-7.65919203595479,0.0270965967579817,0.619915422849035
"RPL35A",0.818345805134037,1.76338293721418,0.0271469577742603,0.619915422849035
"PSEN2",-2.39648659160519,-5.26519364307377,0.0272121446207636,0.619915422849035
"GSPT2",2.53252500745794,5.7858343032696,0.0272981917264416,0.619915422849035
"LIMA1",-2.04871148708234,-4.13736284559113,0.0273093831638419,0.619915422849035
"FGD2",-2.76739547379334,-6.80877601246006,0.027320769154203,0.619915422849035
"KLC3",-2.11294189086284,-4.32572481808284,0.0273967564467252,0.619915422849035
"RNF168",1.2303901648968,2.34630435120182,0.0274000838578738,0.619915422849035
"CYB561",2.56628715823959,5.92283197247739,0.0274193968822239,0.619915422849035
"ZFP36",1.1598915209047,2.23440626039907,0.0274597496575822,0.619915422849035
"STXBP1",-3.44337531899791,-10.878255559555,0.0274935710385541,0.619915422849035
"KLHL21",1.66485138547501,3.17080989897548,0.0275095893051579,0.619915422849035
"LINC00893",2.10029186984642,4.28796125452966,0.0275372807126142,0.619915422849035
"QSOX1",1.47571686205179,2.78121805837144,0.0275895351507808,0.619915422849035
"SERPINA1",-1.8228476478339,-3.53778812241939,0.0276149842611877,0.619915422849035
"CREG1",1.30119769850585,2.46433382167446,0.027645775540837,0.619915422849035
"CALD1",-6.90737439654485,-120.040248178737,0.0276567886573952,0.619915422849035
"MEX3A",-5.07080241258161,-33.6096220146714,0.0278775605304874,0.619915422849035
"TMEM56",3.29717668289887,9.82989961065726,0.0279357777737699,0.619915422849035
"VPS33B",0.966950697223953,1.9547047314439,0.0280099893011682,0.619915422849035
"UBASH3A",-3.36025649434728,-10.269232767996,0.0281685944644345,0.619915422849035
"RBM3",1.04096185767471,2.05759901576067,0.0283546970493515,0.619915422849035
"ZNF319",1.08823793399742,2.12614197010983,0.0283709972089147,0.619915422849035
"MAPK6",1.1046831659187,2.15051644843511,0.0284388409100175,0.619915422849035
"PACSIN3",-3.34080775584553,-10.1317238522298,0.0284851142267307,0.619915422849035
"DDIT4",2.47290122709497,5.55159077804814,0.0285265421355877,0.619915422849035
"ZFP90",1.09945998157975,2.14274471935692,0.0285713456254891,0.619915422849035
"SKA3",-2.32063598579466,-4.99552389587444,0.0286121842169125,0.619915422849035
"TM4SF1",6.10208519326716,68.6927146153929,0.0287400274032994,0.619915422849035
"LOC105747689",2.83898173321664,7.15514861827664,0.0287548476436872,0.619915422849035
"RPL3",0.823413394339058,1.76958786125018,0.0288272962662295,0.619915422849035
"MAP3K5",-1.12665358996104,-2.18351673747761,0.0288609424132616,0.619915422849035
"RAB11A",-0.972870797938497,-1.96274234439481,0.0288700043012526,0.619915422849035
"TLR1",1.93147349300271,3.81444587817125,0.0288826454046811,0.619915422849035
"LCN2",-5.08704889453941,-33.9902459155672,0.0289238234011915,0.619915422849035
"HIST1H1D",-3.59716894984315,-12.1019611209525,0.0290083208284025,0.619915422849035
"HSBP1L1",2.16311859488425,4.4788197150801,0.0290654564834665,0.619915422849035
"USP38",1.10241625199266,2.14713998461677,0.0291250603468345,0.619915422849035
"RPL31",0.841053681681682,1.79135799412992,0.0291491615764295,0.619915422849035
"F3",4.41166146649821,21.2834698296991,0.0291793212115632,0.619915422849035
"GPR35",2.03968436260442,4.11155566902879,0.02922880049416,0.619915422849035
"UNC13B",-4.04594942610363,-16.517797523652,0.0292549842822129,0.619915422849035
"SQLE",-1.39360166339324,-2.62733773070475,0.0293533767082563,0.619915422849035
"DGCR14",1.12148147845303,2.17570276966329,0.0293913718943676,0.619915422849035
"NAP1L1",0.73659082321273,1.6662337705132,0.0294093401672935,0.619915422849035
"GBP4",-1.79572124261003,-3.47189000735408,0.0294294298789814,0.619915422849035
"RPL27A",0.832578141343639,1.78086498209506,0.0294605324846116,0.619915422849035
"CTDP1",1.09336861332811,2.13371666364845,0.0296314567696207,0.619915422849035
"RPLP0",0.970017463164227,1.95886430618767,0.0297290301372944,0.619915422849035
"FAM179A",2.66868239109632,6.35848203548072,0.0298222040790828,0.619915422849035
"SLC22A4",3.04752276390698,8.26791045535656,0.0298320278142562,0.619915422849035
"PABPC1",0.815035013897086,1.75934085014923,0.0298349496476721,0.619915422849035
"IGFLR1",1.2107267092713,2.31454194715336,0.0298604912995238,0.619915422849035
"WHAMMP2",-2.88123190625029,-7.36778981903665,0.0299020588027582,0.619915422849035
"CHSY3",-5.07183062629772,-33.6335842458104,0.0300372500520805,0.619915422849035
"SHANK2",-4.78264316203955,-27.5244754000587,0.0300552542291204,0.619915422849035
"NTNG2",2.93768700843404,7.66181933971831,0.0300639971360751,0.619915422849035
"TRABD",1.71090800327414,3.27366796683437,0.0300888849332897,0.619915422849035
"RPS6",0.835310670324617,1.78424121644097,0.0301141893999293,0.619915422849035
"PHF12",1.158729887689,2.23260787904612,0.03016722082602,0.619915422849035
"ZBTB43",2.1830534053664,4.54113650826123,0.0301801444993242,0.619915422849035
"GSTM3",-2.04991892975603,-4.14082700080576,0.0301909348133718,0.619915422849035
"USP36",1.15372048879829,2.22486914791898,0.0302648155410778,0.619915422849035
"DDHD1",1.46599090955722,2.76253148948112,0.0302926860142614,0.619915422849035
"PECAM1",-2.5788796597627,-5.97475543242369,0.0304206408624761,0.619915422849035
"CST3",-1.27232390944663,-2.41550344349001,0.030479425994436,0.619915422849035
"TBC1D2B",1.85907846479508,3.62775861563845,0.0304992781793422,0.619915422849035
"FAU",0.846836358805794,1.79855260752089,0.0305133632844156,0.619915422849035
"DUSP23",-1.6132967293997,-3.05950176064951,0.0305709511057372,0.619915422849035
"GRIPAP1",1.02934265717539,2.04109404496339,0.0305991990809396,0.619915422849035
"MPG",1.86300074071922,3.63763487486401,0.0306099208430183,0.619915422849035
"TULP4",-2.05153378956183,-4.14546457056975,0.0306368472145565,0.619915422849035
"PRAME",-6.51923220580748,-91.7243077200717,0.0306755745090659,0.619915422849035
"ZNF764",1.12047446173926,2.17418463553998,0.0306902752437437,0.619915422849035
"ZNF44",1.59276291219666,3.01626442957079,0.0306951028907262,0.619915422849035
"LDLRAD2",2.83580033785724,7.13938764606191,0.0307766165932212,0.619915422849035
"ZBTB3",1.92239310067302,3.79051296787295,0.0307904250253685,0.619915422849035
"CRHBP",2.72485180328765,6.61092342219659,0.0308002225635801,0.619915422849035
"MMP24-AS1",0.922735413653959,1.8957062310087,0.0308074866574153,0.619915422849035
"ITM2C",3.00450546980717,8.02502268155256,0.0308357287460096,0.619915422849035
"TWISTNB",1.01142226899507,2.01589747671011,0.0308955736144914,0.619915422849035
"LYAR",-1.86963599239839,-3.65440363892485,0.0309417397163804,0.619915422849035
"BTN3A2",-1.91898360433913,-3.78156549075652,0.0310550512671262,0.619915422849035
"TNRC18",0.981451406386967,1.97445078313876,0.0310718380783987,0.619915422849035
"FUT1",-2.07660730012022,-4.21814093902952,0.0310793503761418,0.619915422849035
"NOSIP",-0.985986011652601,-1.98066653926274,0.0311505032761006,0.619915422849035
"RNF43",2.68457779478803,6.42892622309408,0.0311516550579281,0.619915422849035
"RPL26",0.89309777707167,1.85715956729799,0.0311931473926263,0.619915422849035
"GSE1",-0.839592777824872,-1.78954494483014,0.031210890719597,0.619915422849035
"DDAH2",1.20227529819549,2.30102283097546,0.0312306623836517,0.619915422849035
"RPL11",0.807668845544823,1.75038083299735,0.0312395356161768,0.619915422849035
"BANK1",-3.32335845107218,-10.009919390031,0.0312530377048528,0.619915422849035
"MAPK12",-1.48625329864009,-2.80160448536757,0.0313338979637868,0.619915422849035
"HDHD3",-1.18615777265712,-2.27545928562094,0.031417750411748,0.619915422849035
"KLHDC7B",3.02622498400975,8.14675196084871,0.0314720136393253,0.619915422849035
"LIMS1",-1.72301584866553,-3.30125789968086,0.0315246739609697,0.619915422849035
"TLN1",-1.42378629618695,-2.6828870091178,0.0315494891868033,0.619915422849035
"CXorf21",2.48953866616279,5.61598338015882,0.0315702981595373,0.619915422849035
"DDX3X",0.896303194204256,1.86129043976869,0.0316167949358763,0.619915422849035
"PRR14",1.2422623246819,2.36569211426655,0.031690345395826,0.619915422849035
"MSI2",1.3962730008486,2.63220709487327,0.0317124483589401,0.619915422849035
"SNORD10",1.90577444556069,3.74709991101039,0.0317201616151745,0.619915422849035
"PTPRE",2.60590377196065,6.0877274572118,0.0318006331142435,0.619915422849035
"IMPACT",1.71546040064688,3.28401428044079,0.0319176584324157,0.619915422849035
"IRF1",1.74024694907391,3.34092350151103,0.0320153812892766,0.619915422849035
"PCNXL2",2.16566966278251,4.48674646379027,0.0320825715257071,0.619915422849035
"EFCAB13",-1.90504294885146,-3.74520048222972,0.0321148020527054,0.619915422849035
"SERPINB2",6.37445167497025,82.9661925480199,0.0321185163786672,0.619915422849035
"SULT1A1",-1.32139618787676,-2.49907844528257,0.032202832729962,0.619915422849035
"PPAPDC3",-5.17776900195144,-36.1962667584243,0.0322252356587477,0.619915422849035
"OSM",3.0787732564624,8.44895700424311,0.032238436286154,0.619915422849035
"SLC35G1",-4.01435557680113,-16.160003179187,0.0322533979441623,0.619915422849035
"BMP2K",-1.40787139007882,-2.65345372691474,0.0323644350670004,0.619915422849035
"LINC00869",2.23502808322608,4.70771858753392,0.0324578935265608,0.619915422849035
"MVB12B",2.56411897220037,5.91393739928502,0.0324950785661263,0.619915422849035
"CCDC150",-1.47893011594248,-2.78741945168079,0.0325989102291863,0.619915422849035
"FCGR2C",-4.36983105692769,-20.675224029786,0.0326531639944861,0.619915422849035
"ULK1",1.30356489777643,2.46838066289147,0.0326895091393914,0.619915422849035
"CKAP2L",-1.56509679835022,-2.95897354565746,0.0326999987560494,0.619915422849035
"UACA",-4.50972014914312,-22.7803838114686,0.0327523221829344,0.619915422849035
"PNPLA2",0.978922477037582,1.97099276008638,0.0327549179565979,0.619915422849035
"ARHGAP42",-3.98843195484471,-15.8722192543588,0.0328180192202774,0.619915422849035
"AUTS2",-1.47154704069216,-2.77319110977538,0.0328222030341479,0.619915422849035
"TIGD3",2.74839495085963,6.71969126824033,0.0328289989814569,0.619915422849035
"LRRC4",1.6615275564331,3.16351307021533,0.0328721750751582,0.619915422849035
"TSPAN6",-3.02372587786449,-8.13265197883574,0.0329759986341741,0.619915422849035
"CSTA",2.41075022355503,5.31750772313819,0.0330037928415694,0.619915422849035
"TTN",-1.26134295962037,-2.39718783802388,0.0330661445415274,0.619915422849035
"ZNF281",1.22705288589588,2.34088309278905,0.0331233586891363,0.619915422849035
"ALG2",1.39471632795308,2.62936846611365,0.0331460773987698,0.619915422849035
"C2orf69",1.10099942385011,2.14503237700273,0.0331602112728521,0.619915422849035
"FAM127C",-4.95111328998206,-30.9338241397197,0.0331685405664949,0.619915422849035
"RNA28S5",-4.38154259590269,-20.8437448669637,0.0332726896911532,0.619915422849035
"AADAT",-2.89280121610813,-7.42711139230761,0.0332823175681332,0.619915422849035
"TUSC1",-4.32579865919463,-20.0537294571015,0.0333461719353704,0.619915422849035
"ZNF217",1.64179634051794,3.1205413752699,0.0333598497104481,0.619915422849035
"SEPT7",-0.778765527850394,-1.71566220241219,0.033403157842224,0.619915422849035
"ZXDB",1.54228606556284,2.9125565585904,0.0334472587144366,0.619915422849035
"AKNA",1.86119711634845,3.63309002839646,0.0334954716477533,0.619915422849035
"DENND2C",-5.5827284308949,-47.9257276400129,0.0335188058069301,0.619915422849035
"PTGER2",2.18046346700444,4.53299153467293,0.0335216694891366,0.619915422849035
"DYNLL2",1.01850165109776,2.02581390429517,0.0335464315813633,0.619915422849035
"LINC00954",-2.6536959327309,-6.29277313697771,0.0336110580728666,0.619915422849035
"SIGLEC8",-5.0040687310214,-32.0903747207728,0.0336794796132227,0.619915422849035
"HIC1",4.4714921156581,22.1846842660713,0.0337515720408181,0.619915422849035
"NFKBIA",1.32265316418418,2.50125676513289,0.0337643134233856,0.619915422849035
"OXER1",2.74396379533527,6.69908378336998,0.0338374907618992,0.619915422849035
"ZNF706",1.24947050819435,2.377541474685,0.0338436577046042,0.619915422849035
"CDYL2",3.94652861112987,15.4178384474463,0.033942845332149,0.619915422849035
"C14orf2",-0.858127955994001,-1.81268464064137,0.0339441862583063,0.619915422849035
"RHAG",-2.74564540171604,-6.70689679280234,0.0339674680287761,0.619915422849035
"KHNYN",1.61472023418574,3.06252205573921,0.0340033313806514,0.619915422849035
"GZMA",-3.49766784588609,-11.2954343687721,0.0340567376052237,0.619915422849035
"C19orf57",-3.60737797791246,-12.1879026606902,0.0340760841776454,0.619915422849035
"SMO",-2.29836908493677,-4.91901374024646,0.0340797625887755,0.619915422849035
"ZDHHC18",1.18183524005262,2.26865186847054,0.0341239970839119,0.619915422849035
"MIRLET7DHG",2.23958978585616,4.72262762862604,0.0342993275267389,0.619915422849035
"TGFBI",-1.67484368595831,-3.19284758599985,0.0343195670754829,0.619915422849035
"GSPT1",-0.949610780188334,-1.93135153476375,0.0344307097750169,0.619915422849035
"SERINC5",1.17103819365309,2.2517367835654,0.034437370862497,0.619915422849035
"PFKFB3",1.82589721958058,3.54527421550585,0.0344619673119133,0.619915422849035
"LYSMD2",2.35726387743762,5.12397656516906,0.034540762872844,0.619915422849035
"CACNA1H",3.65906441547807,12.6324662067424,0.0346020285001792,0.619915422849035
"GTF2E2",-1.1697102989905,-2.24966517901667,0.0346301799309158,0.619915422849035
"ZNF621",1.07306170202891,2.10389353703816,0.0347104425261128,0.619915422849035
"UNG",-1.66799812980409,-3.17773348101904,0.034740874959286,0.619915422849035
"BIN2",-1.76428630625634,-3.39705907333694,0.0347789928597228,0.619915422849035
"P2RY8",2.38732929020283,5.23187941643727,0.0347976169747439,0.619915422849035
"LITAF",1.80116167087627,3.48500728257044,0.0348549879641074,0.619915422849035
"OSCAR",2.46456769752533,5.51961521724652,0.0348982634132994,0.619915422849035
"TRAM2",-1.2333547590072,-2.35113072929233,0.0349080098394014,0.619915422849035
"RUFY4",-4.93700459277188,-30.6327841805481,0.0349574899625963,0.619915422849035
"LOC115110",-2.19805237195488,-4.58859466662606,0.0349726428284678,0.619915422849035
"HAAO",3.05897628731181,8.33381045323989,0.0349756111368214,0.619915422849035
"SLC7A7",-2.14496109100833,-4.42280333017991,0.034981172142351,0.619915422849035
"PITPNA",0.890624917119024,1.85397901857467,0.0350349304550748,0.619915422849035
"OPHN1",-2.67764167255657,-6.39809171186108,0.03503768492916,0.619915422849035
"MMP19",4.34871165201449,20.3747669426106,0.0350938998588685,0.620085441729409
"ANKS6",-2.61005698116133,-6.10527796716171,0.0351612130108499,0.620087093177492
"NPC2",0.97619529304415,1.9672704331774,0.0351872044606544,0.620087093177492
"MTF1",1.16303288093538,2.23927681281843,0.0353144953520565,0.621507090818932
"CCT6B",1.6660005998358,3.17333669215674,0.0354238185074355,0.621910296468936
"URB1",-1.60402661008941,-3.03990578246181,0.0354521917958892,0.621910296468936
"SLC39A4",-1.62620386215832,-3.086996531914,0.0355794786038094,0.621910296468936
"GPT2",1.52400972343636,2.87589244848944,0.0355843432227707,0.621910296468936
"MAGED2",-1.21242421560829,-2.31726689030605,0.0356163988037495,0.621910296468936
"GCSAM",-4.07579845012438,-16.8631067692027,0.0356527163402719,0.621910296468936
"FAM132A",2.48784351720872,5.60938854384641,0.0356646039989326,0.621910296468936
"UGGT2",-2.96080159106013,-7.78556419748423,0.0359083050858501,0.623529474944275
"C7orf13",-3.25920444913587,-9.57454845096902,0.0359088039415587,0.623529474944275
"CWC25",1.26462465143331,2.40264691675497,0.0360228667570536,0.623529474944275
"MSL2",1.20189026485846,2.30040880496263,0.0360330839502664,0.623529474944275
"DENND5A",1.5334926382429,2.8948581125286,0.0361521688647385,0.623529474944275
"TRIM46",1.97057494671065,3.91924278634501,0.0361744428175527,0.623529474944275
"PLD1",1.16468466469876,2.24184209461214,0.0362244161914725,0.623529474944275
"RSU1",-1.84513649651924,-3.59286940465324,0.0362300660772558,0.623529474944275
"CAD",-1.57256734263538,-2.97433540209727,0.0362577602413134,0.623529474944275
"LOC100996579",2.7601569165809,6.77469931771005,0.036377036452308,0.623529474944275
"TOP2B",-0.956459621288377,-1.94054195016041,0.0364243843949056,0.623529474944275
"PABPC4L",-4.55481985932663,-23.5037631753399,0.036445276433768,0.623529474944275
"PLEKHA1",-2.14798481983277,-4.43208275644019,0.0365266903572944,0.623529474944275
"ARHGEF12",-1.78686507258208,-3.45064264324649,0.0366063512969963,0.623529474944275
"RPS28",0.841736574578187,1.7922061257054,0.0366151948395534,0.623529474944275
"ADAMTS3",-2.86248420271955,-7.27266540125903,0.0366152360999208,0.623529474944275
"TMEM45A",-5.60452872100921,-48.6554234492668,0.0366528087991672,0.623529474944275
"ICK",-1.5943665204694,-3.01961898174599,0.0367286703003764,0.623529474944275
"HP",-3.66722961652241,-12.7041647040277,0.0367489985299191,0.623529474944275
"BASP1",-2.71485621963285,-6.5652785359427,0.036753238422888,0.623529474944275
"VEZF1",1.1029924538357,2.14799770788866,0.0367657570653773,0.623529474944275
"GLIPR1",2.07179161097566,4.20408433662073,0.0367950488132732,0.623529474944275
"SLC25A15",-1.09517744016891,-2.13639355958079,0.0368613261954131,0.623529474944275
"RPS8",0.834281595010548,1.78296896981813,0.0368822019377035,0.623529474944275
"DAD1",-1.33497724645333,-2.52271503020556,0.0370401502458024,0.625405074898985
"CELSR3",-1.81802722953206,-3.52598718074143,0.0371396240920588,0.625793030601474
"KLHL28",1.13778047026608,2.20042236287111,0.0371571961048601,0.625793030601474
"PTPRM",3.34362020165529,10.1514942930362,0.0373181546862113,0.627128047999741
"KLHL11",1.01902455065968,2.02654828624385,0.0373647173561242,0.627128047999741
"FLNA",-1.20171555949152,-2.3001302502993,0.0374861183261934,0.627128047999741
"IL1R1",2.56703514349975,5.92590354306833,0.0375118457449319,0.627128047999741
"DFNB31",2.0261047671453,4.07303656837093,0.037571333106076,0.627128047999741
"LPPR2",1.49985837737443,2.82814948490969,0.0376925589277014,0.627128047999741
"DLGAP2",-5.12772247173891,-34.9621614056169,0.0377140191970052,0.627128047999741
"ARFIP2",0.895731391890519,1.86055287620492,0.0377252753737946,0.627128047999741
"ERLIN1",1.12560179096273,2.18192542144879,0.0377255962285065,0.627128047999741
"EFHD2",1.49969212373326,2.82782359271113,0.0377362155197194,0.627128047999741
"LDLRAD4",-2.29531427951527,-4.90860909357976,0.0377549467454184,0.627128047999741
"NAA38",-1.35871605255212,-2.56456840423328,0.0379602072373244,0.628363617905669
"VDAC1",-0.861091127695033,-1.81641156528328,0.0379986737589743,0.628363617905669
"KCNC3",-3.1711620025908,-9.00772012396205,0.0380116995960299,0.628363617905669
"OBSL1",-2.84402121551002,-7.18018599257829,0.0380466244961162,0.628363617905669
"UBQLN4",-1.12426974494176,-2.17991177085089,0.0380739369777386,0.628363617905669
"MAN2C1",0.890137471108913,1.85335271710613,0.0381795995522001,0.628363617905669
"PLBD1",-2.25918797432354,-4.78721955766362,0.0381922067304336,0.628363617905669
"ZNF185",2.24561713969923,4.74239929964257,0.0382344231264169,0.628363617905669
"CCDC130",0.867353677599659,1.8243135078321,0.0382543803460046,0.628363617905669
"PLEKHA8",-3.1889321990282,-9.11935759766897,0.0383375076468057,0.628952576129161
"PLXNA4",-3.84084056950015,-14.3287471812801,0.0385692190750761,0.631561512347127
"LILRA5",-2.04763813768956,-4.13428583748127,0.0385914700893058,0.631561512347127
"HLTF",-1.75245878085277,-3.36932309777843,0.0386820801449335,0.632266678536044
"SGSM2",1.33224320805948,2.51793878278674,0.0388166424705023,0.633312217608787
"AOX2P",3.95462780875853,15.5046366174886,0.0390192130461663,0.633312217608787
"ZBTB12",-2.54119807928171,-5.8207218537048,0.0390256338083788,0.633312217608787
"ERMP1",-1.35066494204662,-2.55029642231796,0.0390458873747916,0.633312217608787
"RAB3D",2.86647790471985,7.29282565410792,0.039082958587533,0.633312217608787
"ITGAX",1.92474202008591,3.79668950648282,0.0390935734124755,0.633312217608787
"RMDN2",-1.77955236327522,-3.43319633472134,0.0391081178218893,0.633312217608787
"NDST2",1.11601774571756,2.1674785943665,0.0391408325287203,0.633312217608787
"ZNF552",1.53251932372775,2.89290575454277,0.0391758202480339,0.633312217608787
"LGALS3BP",1.67110884642338,3.18459265271259,0.0392590065752886,0.633312217608787
"TTC39C",1.54311983269979,2.91424027948927,0.0392696414526306,0.633312217608787
"ZNF418",-3.06672694588052,-8.37870305729867,0.0393286433394433,0.633495883330864
"MYT1",3.15833174988487,8.92796734203121,0.0394640306833817,0.633914698643261
"SEC14L2",2.71539546497586,6.56773294071825,0.0395118981958766,0.633914698643261
"RPS11",0.775715604431158,1.71203904501618,0.0395629643692149,0.633914698643261
"C8orf88",-4.59554959165129,-24.1767697046795,0.0395694165757781,0.633914698643261
"HIST1H2BK",1.22974546905623,2.3452560945124,0.0396187684782597,0.633914698643261
"GPR183",2.91757664941757,7.55575880856242,0.0396405132860724,0.633914698643261
"UNKL",1.07394737082682,2.10518551134956,0.0397998374431066,0.635340002157462
"UBE2V2",-0.963984675631147,-1.9506902026299,0.0398699051759349,0.635340002157462
"LOC100419583",-2.27834332097637,-4.85120558982993,0.0398728975423886,0.635340002157462
"MYO3B",-4.1932872009802,-18.2938548084772,0.0399381120679444,0.635617919933015
"SIGLEC1",-2.82771963155401,-7.09951086929593,0.0400070763458514,0.635623250902824
"ABCD1",-1.16707609447966,-2.24556128242156,0.040033993555548,0.635623250902824
"CNTD1",2.36620955210669,5.15584735671312,0.040280619458029,0.636574113265972
"MLF2",0.841036815539745,1.79133705198988,0.0402954446997847,0.636574113265972
"ZNF117",-1.62169524980938,-3.07736431926697,0.0403181317402419,0.636574113265972
"ZBTB7B",-1.10023701861305,-2.14389911471862,0.0403697270105817,0.636574113265972
"MEIOB",-5.90666183456711,-59.9904868499943,0.0404306354670549,0.636574113265972
"DCBLD1",-2.96552804390264,-7.81111252509548,0.0404432002374895,0.636574113265972
"SMAD7",3.13582073009971,8.78974145573531,0.0404509532805601,0.636574113265972
"RAB33B",1.18329666708992,2.27095114095061,0.0404766403474643,0.636574113265972
"PTP4A1",1.0485387670455,2.06843377423917,0.0405597539519796,0.637128130261025
"COL6A5",-6.62546675812233,-98.7334310912833,0.0406218363090387,0.637350863315754
"SLC25A38",1.37229527617858,2.58882110837653,0.0407009183961373,0.637638302192805
"DPP7",1.1513413009514,2.22120307909924,0.0407360057770676,0.637638302192805
"TMEM70",1.19048392965431,2.28229286306304,0.0408704050442982,0.638481098192976
"ZC3H3",0.994975248306625,1.99304633153053,0.0409579344726308,0.638481098192976
"TAPT1-AS1",-2.03674131232249,-4.10317678035797,0.0409624582834238,0.638481098192976
"RAI1",1.42804521019669,2.69081873877131,0.0409926104415939,0.638481098192976
"ELP6",-1.21333675459435,-2.31873308047508,0.0410297887226603,0.638481098192976
"FUT8",-2.16226183712206,-4.47616071627857,0.0410941457938208,0.638589782853746
"ATP6V0B",1.13773470946546,2.20035256884726,0.0411327654194408,0.638589782853746
"FYB",-2.0809698688507,-4.23091548952203,0.0413453088562264,0.641141415305468
"CD4",-2.55963460512086,-5.895583491298,0.0415433060947446,0.642728185731095
"ACVR2B",-3.05585648495865,-8.31580820821758,0.0416490578963208,0.642728185731095
"FKBP1B",-1.9010731079577,-3.73490903979322,0.0416572788303282,0.642728185731095
"SEC61A2",1.23587416321594,2.35524013814934,0.0417274581341902,0.642728185731095
"KDELR3",-2.31489692907683,-4.97569112060334,0.041858952422006,0.642728185731095
"NOC3L",-1.21042232071331,-2.31405366255474,0.0419014933915988,0.642728185731095
"SMARCB1",-0.812860568605358,-1.75669115025949,0.0419610033622205,0.642728185731095
"LTBP3",1.9396617897735,3.83615706363281,0.0420593510568209,0.642728185731095
"CTNNB1",0.781027551314286,1.71835432519259,0.0420721649566838,0.642728185731095
"CA13",-2.70636423707994,-6.52674754605169,0.0421148821250593,0.642728185731095
"PF4",-5.75811407677643,-54.1209056710073,0.0421261420566013,0.642728185731095
"FAM213B",-1.53782296194198,-2.90356023210761,0.0421883921467626,0.642728185731095
"GBGT1",-2.33707998846106,-5.05278918533025,0.042335425131689,0.642728185731095
"HSH2D",2.10425650739797,4.29976110972284,0.0423557177453213,0.642728185731095
"PLCG1",-1.38396332367737,-2.60984354685801,0.0423567452130504,0.642728185731095
"RAB20",1.95345046408906,3.87299721536913,0.0423642418162545,0.642728185731095
"PARD3",-5.83179028814456,-56.9565670525169,0.0423643948344383,0.642728185731095
"SIX5",-3.07752202077351,-8.44163248088702,0.0424369242425768,0.642728185731095
"SAPCD2",-2.38883926185989,-5.23735813858157,0.0424946694815018,0.642728185731095
"RPLP2",0.752509902440679,1.68472124556586,0.0425415677640171,0.642728185731095
"PDPR",-0.877116696760586,-1.83670088571077,0.0425851719267332,0.642728185731095
"NFKB2",1.38197285672675,2.60624526362851,0.0426110692532102,0.642728185731095
"DDX20",1.16331236045309,2.23971064852735,0.0426427576613159,0.642728185731095
"SPSB3",0.801210330877081,1.74256241438426,0.0426438786552186,0.642728185731095
"SLC6A8",3.12948563081724,8.75122894709561,0.0426553166479186,0.642728185731095
"FOS",2.05610549197476,4.15862181410274,0.0427636902093733,0.643009186221059
"FAM213A",-4.45622095367734,-21.9510942451437,0.0427706223078269,0.643009186221059
"TEX30",1.08767689647538,2.12531531341463,0.0430496655013448,0.6431219632265
"CERS4",-2.34489757351993,-5.08024323722286,0.0430564358716383,0.6431219632265
"LTB4R",0.935269747691812,1.91224814407766,0.0430693853660237,0.6431219632265
"LMF2",1.02943751009227,2.04122824525026,0.0432193597969758,0.6431219632265
"FAM50B",4.16159411447743,17.8963579754261,0.0432335870134411,0.6431219632265
"RPS27A",0.808890880362433,1.75186412118251,0.04328249754466,0.6431219632265
"TAGAP",1.53209921608672,2.89206347336424,0.0433037832130948,0.6431219632265
"PTPRG",-7.05465995332201,-132.942626633314,0.0433213826160203,0.6431219632265
"PLA2G4C",-2.64274358315036,-6.24518185721032,0.0433279379564063,0.6431219632265
"MTMR11",-1.99032346904495,-3.97326073325671,0.0433902489907841,0.6431219632265
"C1orf186",3.43436012647354,10.810490861263,0.0433968380901808,0.6431219632265
"LOC90246",-2.48197855116121,-5.58663107167877,0.0434040966591609,0.6431219632265
"MIRLET7BHG",3.42286170408459,10.7246726224279,0.0434690539807176,0.6431219632265
"NFKBID",1.76522480920652,3.39926964942927,0.0435316724769915,0.6431219632265
"THCAT158",-4.05786335603994,-16.6547680422832,0.0435803965513049,0.6431219632265
"IFITM10",2.89065084392188,7.41604934759367,0.0436129233240546,0.6431219632265
"PAX5",-3.08169047785429,-8.46605861865485,0.0436225659450933,0.6431219632265
"SAMD14",-5.41859961583358,-42.7721438597509,0.0437170830651801,0.6431219632265
"ZNF516",2.40045507092749,5.27969676118,0.0437202179679355,0.6431219632265
"GPR137C",-3.5072531582289,-11.3707314598783,0.0437448610838017,0.6431219632265
"DIAPH2",1.87042501056139,3.65640279978665,0.0438517934307567,0.643982463130484
"REC8",1.48134243318099,2.79208416918849,0.0439158079461066,0.644178510969806
"PUS7",-2.16972483407906,-4.49937568881553,0.0439873399198587,0.644178510969806
"GALNT3",2.60550758802446,6.08605591289828,0.0440433757426457,0.644178510969806
"ABLIM1",1.66369164309739,3.16826199740627,0.0440588083414148,0.644178510969806
"RPL18",0.67542588800236,1.59706816255352,0.0443643080243566,0.645183073092164
"ADAMTS13",-1.5632435934131,-2.9551750547888,0.0443725054456313,0.645183073092164
"PPP1R3B",2.79357986140054,6.93348106038747,0.0443745356947412,0.645183073092164
"MDM2",1.38632511782857,2.61411954503204,0.0443980800232966,0.645183073092164
"RPL7A",0.719147040787695,1.64620846506796,0.0443999810135051,0.645183073092164
"CEACAM1",-2.88837832191452,-7.40437683997729,0.0444513147890532,0.645183073092164
"RHOH",1.89592889843701,3.72161521077422,0.0444669581379568,0.645183073092164
"PRUNE",-1.19745533742,-2.29334807424394,0.0447315503056098,0.645803728307749
"DHRS1",1.092191758305,2.13197682868927,0.0447551627638565,0.645803728307749
"MED26",1.59277285964522,3.01628522692424,0.0447585801442996,0.645803728307749
"WHAMMP3",-1.49840682340938,-2.82530540007898,0.0447791277175522,0.645803728307749
"CTSL",2.15563538497505,4.45564837659123,0.0447865135227308,0.645803728307749
"OTUD7B",-1.31985726304075,-2.49641409606353,0.0449822516992166,0.645803728307749
"GDE1",1.03780557645019,2.05310238822737,0.0449832100666315,0.645803728307749
"ALDH3B1",2.11679649759053,4.33729778548028,0.0450310301718624,0.645803728307749
"PAQR9",3.66964658196018,12.7254659916767,0.0450585017869388,0.645803728307749
"EMB",2.65458479266745,6.29665137680088,0.0450922196672838,0.645803728307749
"SLC22A20",-2.48417062715983,-5.59512602589489,0.0451105473677534,0.645803728307749
"RPS9",0.864839423112937,1.82113695713771,0.0451323673630047,0.645803728307749
"SLC4A1",3.63013951156253,12.3817172278402,0.0452109223249483,0.645803728307749
"BTF3",0.787510235788758,1.7260930458826,0.0452355310043327,0.645803728307749
"ERI1",1.27073660020076,2.41284727404813,0.0452653441913002,0.645803728307749
"AP5Z1",0.85457486978475,1.80822583257735,0.0452863493807689,0.645803728307749
"CES3",-3.52300691852933,-11.495576539937,0.0454003976424474,0.646736927872336
"OGFRL1",-1.09212848468922,-2.13188332665263,0.0455526098640881,0.648128429503088
"NRGN",-3.39968438635661,-10.5537542235607,0.0456223636886712,0.648128429503088
"ZNF165",2.12319564025125,4.35657880599941,0.0456442193494471,0.648128429503088
"RPS13",0.760782599496647,1.69440951915774,0.0458495330479804,0.650000190791138
"EXOC3L4",-6.02039550944324,-64.9111994298076,0.0458737451448988,0.650000190791138
"PRRG1",-6.11858213823988,-69.4827109382397,0.0460010553803599,0.651110682803924
"RTKN2",-3.837679162633,-14.2973826847096,0.0464167304080059,0.652190321366394
"ACO1",-1.49981940345297,-2.82807308443421,0.0464567334947751,0.652190321366394
"SMAP2",1.15845838889818,2.23218776717865,0.0464760582578889,0.652190321366394
"BLOC1S3",1.27663449302108,2.42273144376997,0.046568050049602,0.652190321366394
"RELL1",1.80566697625014,3.4959074125492,0.0466756274758452,0.652190321366394
"IMPDH2",-1.23387737228984,-2.35198257579713,0.0466834797839732,0.652190321366394
"HSPB1",-2.28745684910843,-4.88194773183651,0.0466991978906943,0.652190321366394
"HIST1H2AE",-2.06226609304651,-4.17641794404866,0.0467699879568919,0.652190321366394
"SH3KBP1",1.56173513540576,2.95208678756559,0.046802015420467,0.652190321366394
"RASGEF1A",2.28467359332236,4.87253852852796,0.0468067953127551,0.652190321366394
"CCDC71L",1.09429353669508,2.13508504511586,0.046836001598575,0.652190321366394
"ANKRD18B",-2.94327167383221,-7.69153568345163,0.0468625757633766,0.652190321366394
"SMARCA4",-0.768222788201386,-1.70317040730451,0.0469824081282149,0.652190321366394
"CMTM3",2.27806059866307,4.85025500107272,0.0470045944508356,0.652190321366394
"TAPBP",0.918887650239375,1.89065699300667,0.0470775410068106,0.652190321366394
"PPP2R1A",-0.735972675619962,-1.66551999681845,0.0471126601278014,0.652190321366394
"ENO3",-1.54278778988749,-2.91356963104006,0.0471167408531975,0.652190321366394
"ABRACL",-1.07896144452077,-2.11251479379057,0.04712994375964,0.652190321366394
"PEX6",-1.22728184862702,-2.34125463182133,0.047231641033683,0.652190321366394
"ITPR3",1.53784172141865,2.90359798757432,0.0472634575057191,0.652190321366394
"PFN1",-0.94671264558783,-1.92747566476124,0.0473154924624343,0.652190321366394
"TJAP1",0.864553543012657,1.82077612188031,0.0473840122274803,0.652190321366394
"TNNT3",2.34976885696682,5.09742575396292,0.0474640436692381,0.652190321366394
"AP1M1",-0.923865420074739,-1.89719164497792,0.0474871410788677,0.652190321366394
"FUT7",3.76935030993045,13.6360161667884,0.0475326811446659,0.652190321366394
"C17orf104",-2.43784029519636,-5.41830007669707,0.0475566991693079,0.652190321366394
"LOC646762",-1.38661952664418,-2.61465305928854,0.0475904513170774,0.652190321366394
"ABCF3",0.872170740019371,1.83041494931851,0.0476023053896649,0.652190321366394
"RTP5",3.25031389537751,9.51572708574754,0.0476938137774119,0.652190321366394
"TMEM189",1.06650320409647,2.09435093465568,0.047760490670925,0.652190321366394
"PARP15",-1.02950828151307,-2.0413283801799,0.0477840867423529,0.652190321366394
"CCDC85C",-3.12243777402557,-8.70858168045248,0.0478694852308973,0.652190321366394
"RPS5",0.732775102244389,1.66183264448133,0.0478698643410534,0.652190321366394
"BTG1",1.36706705807837,2.57945639454231,0.0478783555420075,0.652190321366394
"PTGR1",-2.47775084032599,-5.57028382748799,0.0480555770164344,0.652190321366394
"USP19",0.775350289167367,1.71160558208814,0.0481286854409372,0.652190321366394
"PCYOX1",-1.35474042493191,-2.55751096425232,0.0481321337670966,0.652190321366394
"LINGO3",2.45021026047283,5.4649574398239,0.0481361137754391,0.652190321366394
"KLF6",0.824589567821866,1.77103112604866,0.0481761933261118,0.652190321366394
"ZNFX1",1.06699464557683,2.09506447855589,0.048298934595337,0.652190321366394
"RAG1",-5.28645449435426,-39.0284562663077,0.0483470064263424,0.652190321366394
"CRELD1",-1.89837642342456,-3.72793427114844,0.0483776628748967,0.652190321366394
"EXPH5",-4.02205269362217,-16.2464509955281,0.0484955211594668,0.652190321366394
"GYPC",2.81115644617359,7.01846943299636,0.0485188093979491,0.652190321366394
"SMPDL3A",-2.82682265806414,-7.09509822930979,0.0485725160426062,0.652190321366394
"NUDT16",1.42150757762567,2.67865276788155,0.0486792515514219,0.652190321366394
"FAM46A",1.80951867553995,3.50525323710681,0.0487433537024702,0.652190321366394
"ITPRIPL2",2.67651655026473,6.39310394305573,0.0487659643892472,0.652190321366394
"FAM131A",1.85972939276557,3.62939578932183,0.0487762718240049,0.652190321366394
"HTR7",4.22856715924902,18.7467312566845,0.0487842958019743,0.652190321366394
"RPS3A",0.75770962484113,1.69080422773447,0.0488077949403409,0.652190321366394
"TRIB2",-2.43931566811591,-5.42384393864387,0.0488567848020394,0.652190321366394
"EVL",-1.42190424117266,-2.67938935458893,0.048872925149179,0.652190321366394
"DZIP1L",-3.55805359558917,-11.7782524469564,0.0489424961583179,0.652190321366394
"SLC44A4",3.36180477384187,10.2802594761743,0.0489958980743629,0.652190321366394
"TFDP1",1.91682501745418,3.7759116735656,0.0490214921063432,0.652190321366394
"FBRS",0.99816551632162,1.99745848181911,0.0491475951099158,0.652190321366394
"CBX7",1.43428623148233,2.70248429024209,0.0493675612865311,0.652190321366394
"RPL35",0.679250705531617,1.60130786574311,0.0493960472492083,0.652190321366394
"SLC39A14",-1.4755366113473,-2.78087059394954,0.0494016281083502,0.652190321366394
"LINC00936",1.60264220954956,3.03699010830068,0.0494751059116309,0.652190321366394
"HHIP",-4.29711013480157,-19.6588923823639,0.0495817452981254,0.652190321366394
"RPL39",0.785578881844518,1.7237838494949,0.049636482280921,0.652190321366394
"SDE2",1.23677936038957,2.35671836163228,0.0496818212145894,0.652190321366394
"CSRNP1",1.52229094604382,2.87246824900084,0.0497170610110386,0.652190321366394
"TREM1",2.47228304506517,5.5492124802128,0.0497800307373852,0.652190321366394
"CISH",1.00113524123187,2.00157439787541,0.0498648591532596,0.652190321366394
"LGALS1",1.96670467168725,3.90874284067821,0.0499038845202682,0.652190321366394
"ISCU",0.998063141799808,1.99731674597337,0.0499461425169426,0.652190321366394
"DEPDC7",1.50882929183132,2.84579017190347,0.0499977980659867,0.652190321366394
